{"offline_id": "0ae6a0b096294a8db6534815d9d83529", "project_name": "yolov5", "start_time": 1688720923675, "stop_time": 1688721162027, "tags": [], "workspace": null, "resume_strategy": "create", "customer_error_reported": true, "customer_error_message": "Unexpected error detected in the user script: OutOfMemoryError('CUDA out of memory. Tried to allocate 122.00 MiB (GPU 0; 8.00 GiB total capacity; 4.78 GiB already allocated; 852.81 MiB free; 4.92 GiB reserved in total by PyTorch) If reserved memory is >> allocated memory try setting max_split_size_mb to avoid fragmentation.  See documentation for Memory Management and PYTORCH_CUDA_ALLOC_CONF')"}