{"payload":{"installed_packages":["attrs==23.1.0","certifi==2022.12.7","charset-normalizer==2.1.1","colorama==0.4.6","comet-ml==3.33.5","configobj==5.0.8","contourpy==1.1.0","cycler==0.11.0","dulwich==0.21.5","everett==3.1.0","filelock==3.9.0","fonttools==4.40.0","gitdb==4.0.10","gitpython==3.1.31","idna==3.4","jinja2==3.1.2","jsonschema-specifications==2023.6.1","jsonschema==4.18.0","kiwisolver==1.4.4","markdown-it-py==3.0.0","markupsafe==2.1.2","matplotlib==3.7.2","mdurl==0.1.2","mpmath==1.2.1","networkx==3.0","numpy==1.24.1","opencv-python==4.8.0.74","packaging==23.1","pandas==2.0.3","pillow==9.3.0","pip==23.1.2","psutil==5.9.5","pygments==2.15.1","pyparsing==3.0.9","python-box==6.1.0","python-dateutil==2.8.2","pytz==2023.3","pyyaml==6.0","referencing==0.29.1","requests-toolbelt==1.0.0","requests==2.28.1","rich==13.4.2","rpds-py==0.8.8","scipy==1.11.1","seaborn==0.12.2","semantic-version==2.10.0","sentry-sdk==1.27.1","setuptools==68.0.0","simplejson==3.19.1","six==1.16.0","smmap==5.0.0","sympy==1.11.1","thop==0.1.1.post2209072238","torch==2.0.1+cu118","torchaudio==2.0.2+cu118","torchvision==0.15.2+cu118","tqdm==4.65.0","typing-extensions==4.4.0","tzdata==2023.3","ultralytics==8.0.128","urllib3==1.26.13","websocket-client==1.3.3","wrapt==1.15.0","wurlitzer==3.0.3"],"local_timestamp":1688720923677},"type":"ws_msg"}
{"payload":{"env_details":{"command":["C:\\Code\\CodeProjects\\pantry_pal\\yolov5\\train.py","--img","640","--cfg",".\\yolov5\\models\\yolov5x.yaml","--hyp",".\\yolov5\\data\\hyps\\hyp.scratch-high.yaml","--batch","32","--epochs","100","--data",".\\data\\YOLODataset\\dataset.yaml","--weights",".\\yolov5\\yolov5x6.pt","--workers","24","--name","yolo_pantry_pal"],"env":null,"hostname":"DESKTOP-SOO2N4G","ip":"192.168.108.44","machine":"AMD64","os":"Windows-10-10.0.19044-SP0","os_release":"10","os_type":"Windows","pid":12296,"processor":"AMD64 Family 23 Model 8 Stepping 2, AuthenticAMD","python_exe":"C:\\Code\\Python\\PythonVirtualEnvironments\\PantryPal\\Scripts\\python.exe","python_version":"3.11.3","python_version_verbose":"3.11.3 (tags/v3.11.3:f3909b8, Apr  4 2023, 23:49:59) [MSC v.1934 64 bit (AMD64)]","user":"Morgan LESKERPIT"},"local_timestamp":1688720923728},"type":"ws_msg"}
{"payload":{"gpu_static_info":[{"gpu_index":0,"name":"NVIDIA GeForce RTX 2080","power_limit":225000,"total_memory":8589934592,"uuid":"GPU-78be66e6-d123-9a21-91e0-73185664f3c3"}],"local_timestamp":1688720923818},"type":"ws_msg"}
{"payload":{"local_timestamp":1688720923818,"metric":{"epoch":null,"metricName":"sys.gpu.0.total_memory","metricValue":8589934592,"step":null}},"type":"metric_msg"}
{"payload":{"local_timestamp":1688720923968,"metric":{"epoch":null,"metricName":"sys.cpu.percent.avg","metricValue":3.5875,"step":null}},"type":"metric_msg"}
{"payload":{"local_timestamp":1688720923968,"metric":{"epoch":null,"metricName":"sys.load.avg","metricValue":0.0,"step":null}},"type":"metric_msg"}
{"payload":{"local_timestamp":1688720923968,"metric":{"epoch":null,"metricName":"sys.ram.total","metricValue":17066106880,"step":null}},"type":"metric_msg"}
{"payload":{"local_timestamp":1688720923968,"metric":{"epoch":null,"metricName":"sys.ram.used","metricValue":10657533952,"step":null}},"type":"metric_msg"}
{"payload":{"local_timestamp":1688720923974,"param":{"paramName":"img","paramValue":640,"source":"cli","step":null}},"type":"parameter_msg"}
{"payload":{"local_timestamp":1688720923974,"param":{"paramName":"cfg","paramValue":".\\yolov5\\models\\yolov5x.yaml","source":"cli","step":null}},"type":"parameter_msg"}
{"payload":{"local_timestamp":1688720923975,"param":{"paramName":"hyp","paramValue":".\\yolov5\\data\\hyps\\hyp.scratch-high.yaml","source":"cli","step":null}},"type":"parameter_msg"}
{"payload":{"local_timestamp":1688720923975,"param":{"paramName":"batch","paramValue":32,"source":"cli","step":null}},"type":"parameter_msg"}
{"payload":{"local_timestamp":1688720923975,"param":{"paramName":"epochs","paramValue":100,"source":"cli","step":null}},"type":"parameter_msg"}
{"payload":{"local_timestamp":1688720923975,"param":{"paramName":"data","paramValue":".\\data\\YOLODataset\\dataset.yaml","source":"cli","step":null}},"type":"parameter_msg"}
{"payload":{"local_timestamp":1688720923975,"param":{"paramName":"weights","paramValue":".\\yolov5\\yolov5x6.pt","source":"cli","step":null}},"type":"parameter_msg"}
{"payload":{"local_timestamp":1688720923975,"param":{"paramName":"workers","paramValue":24,"source":"cli","step":null}},"type":"parameter_msg"}
{"payload":{"local_timestamp":1688720923975,"param":{"paramName":"name","paramValue":"yolo_pantry_pal","source":"cli","step":null}},"type":"parameter_msg"}
{"payload":{"local_timestamp":1688720923976,"log_other":{"key":"offline_experiment","val":true}},"type":"ws_msg"}
{"payload":{"local_timestamp":1688720923976,"log_other":{"key":"Name","val":"yolo_pantry_pal"}},"type":"ws_msg"}
{"payload":{"local_timestamp":1688720923979,"metric":{"epoch":null,"metricName":"sys.gpu.0.free_memory","metricValue":7375822848,"step":null}},"type":"metric_msg"}
{"payload":{"local_timestamp":1688720923979,"metric":{"epoch":null,"metricName":"sys.gpu.0.gpu_utilization","metricValue":1,"step":null}},"type":"metric_msg"}
{"payload":{"local_timestamp":1688720923979,"metric":{"epoch":null,"metricName":"sys.gpu.0.power_usage","metricValue":20049,"step":null}},"type":"metric_msg"}
{"payload":{"local_timestamp":1688720923979,"metric":{"epoch":null,"metricName":"sys.gpu.0.temperature","metricValue":38,"step":null}},"type":"metric_msg"}
{"payload":{"local_timestamp":1688720923979,"metric":{"epoch":null,"metricName":"sys.gpu.0.used_memory","metricValue":1214111744,"step":null}},"type":"metric_msg"}
{"payload":{"additional_params":{"assetId":"269e25316bd64c6bb1bb74c09e210841","context":null,"extension":"yaml","fileName":"dataset.yaml","overwrite":false,"runId":null,"step":null},"clean":true,"file_path":"tmp_da_rg8r","local_timestamp":1688720923980,"metadata":{"type":"data-config-file"},"upload_type":"asset"},"type":"file_upload"}
{"payload":{"local_timestamp":1688720923986,"stderr":true,"stdout":"Downloading https://ultralytics.com/assets/Arial.ttf to C:\\Users\\Morgan LESKERPIT\\AppData\\Roaming\\Ultralytics\\Arial.ttf...\n"},"type":"ws_msg"}
{"payload":{"git_meta":{"branch":"refs/heads/main","origin":"https://github.com/Eihk/pantry_pal.git","parent":"b8f6b08c377c86a15d8976255a0c275a3ce648a2","repo_name":"pantry_pal","root":"e7adae9ed42198deabb31b30104b9dac799f35c7","status":null,"user":"MorganLESKERPIT"},"local_timestamp":1688720924062},"type":"ws_msg"}
{"payload":{"local_timestamp":1688720924637,"stderr":true,"stdout":"\r  0%|                                                                                                                                                                                                                                                                  | 0.00/755k [00:00<?, ?B/s]"},"type":"ws_msg"}
{"payload":{"local_timestamp":1688720924659,"stderr":true,"stdout":"\r100%|\u2588\u2588\u2588\u2588\u2588\u2588\u2588\u2588\u2588\u2588\u2588\u2588\u2588\u2588\u2588\u2588\u2588\u2588\u2588\u2588\u2588\u2588\u2588\u2588\u2588\u2588\u2588\u2588\u2588\u2588\u2588\u2588\u2588\u2588\u2588\u2588\u2588\u2588\u2588\u2588\u2588\u2588\u2588\u2588\u2588\u2588\u2588\u2588\u2588\u2588\u2588\u2588\u2588\u2588\u2588\u2588\u2588\u2588\u2588\u2588\u2588\u2588\u2588\u2588\u2588\u2588\u2588\u2588\u2588\u2588\u2588\u2588\u2588\u2588\u2588\u2588\u2588\u2588\u2588\u2588\u2588\u2588\u2588\u2588\u2588\u2588\u2588\u2588\u2588\u2588\u2588\u2588\u2588\u2588\u2588\u2588\u2588\u2588\u2588\u2588\u2588\u2588\u2588\u2588\u2588\u2588\u2588\u2588\u2588\u2588\u2588\u2588\u2588\u2588\u2588\u2588\u2588\u2588\u2588\u2588\u2588\u2588\u2588\u2588\u2588\u2588\u2588\u2588\u2588\u2588\u2588\u2588\u2588\u2588\u2588\u2588\u2588\u2588\u2588\u2588\u2588\u2588\u2588\u2588\u2588\u2588\u2588\u2588\u2588\u2588\u2588\u2588\u2588\u2588\u2588\u2588\u2588\u2588\u2588\u2588\u2588\u2588\u2588\u2588\u2588\u2588\u2588\u2588\u2588\u2588\u2588\u2588\u2588\u2588\u2588\u2588\u2588\u2588\u2588\u2588\u2588\u2588\u2588\u2588\u2588\u2588\u2588\u2588\u2588\u2588\u2588\u2588\u2588\u2588\u2588\u2588\u2588\u2588\u2588\u2588\u2588\u2588\u2588\u2588\u2588\u2588\u2588\u2588\u2588\u2588\u2588\u2588\u2588\u2588\u2588\u2588\u2588\u2588\u2588\u2588\u2588\u2588\u2588\u2588\u2588\u2588\u2588\u2588\u2588\u2588\u2588\u2588\u2588\u2588\u2588\u2588\u2588\u2588\u2588\u2588\u2588\u2588\u2588\u2588\u2588\u2588\u2588\u2588\u2588\u2588| 755k/755k [00:00<00:00, 38.2MB/s]"},"type":"ws_msg"}
{"payload":{"local_timestamp":1688720924660,"stderr":true,"stdout":"\n"},"type":"ws_msg"}
{"payload":{"local_timestamp":1688720924660,"log_other":{"key":"Created from","val":"YOLOv5"}},"type":"ws_msg"}
{"payload":{"local_timestamp":1688720924661,"log_other":{"key":"hasNestedParams","val":true}},"type":"ws_msg"}
{"payload":{"local_timestamp":1688720924661,"param":{"paramName":"artifact_alias","paramValue":"latest","source":"manual","step":null}},"type":"parameter_msg"}
{"payload":{"local_timestamp":1688720924661,"param":{"paramName":"batch_size","paramValue":32,"source":"manual","step":null}},"type":"parameter_msg"}
{"payload":{"local_timestamp":1688720924661,"param":{"paramName":"bbox_interval","paramValue":-1,"source":"manual","step":null}},"type":"parameter_msg"}
{"payload":{"local_timestamp":1688720924661,"param":{"paramName":"bucket","paramValue":"","source":"manual","step":null}},"type":"parameter_msg"}
{"payload":{"local_timestamp":1688720924661,"param":{"paramName":"cache","paramValue":null,"source":"manual","step":null}},"type":"parameter_msg"}
{"payload":{"local_timestamp":1688720924661,"param":{"paramName":"cos_lr","paramValue":false,"source":"manual","step":null}},"type":"parameter_msg"}
{"payload":{"local_timestamp":1688720924661,"param":{"paramName":"device","paramValue":"","source":"manual","step":null}},"type":"parameter_msg"}
{"payload":{"local_timestamp":1688720924661,"param":{"paramName":"entity","paramValue":null,"source":"manual","step":null}},"type":"parameter_msg"}
{"payload":{"local_timestamp":1688720924661,"param":{"paramName":"evolve","paramValue":null,"source":"manual","step":null}},"type":"parameter_msg"}
{"payload":{"local_timestamp":1688720924661,"param":{"paramName":"exist_ok","paramValue":false,"source":"manual","step":null}},"type":"parameter_msg"}
{"payload":{"local_timestamp":1688720924661,"params":{"paramName":"freeze","paramValue":[0],"source":"manual","step":null}},"type":"parameter_msg"}
{"payload":{"local_timestamp":1688720924661,"param":{"paramName":"hyp|anchor_t","paramValue":4.0,"source":"manual","step":null}},"type":"parameter_msg"}
{"payload":{"local_timestamp":1688720924661,"param":{"paramName":"hyp|box","paramValue":0.05,"source":"manual","step":null}},"type":"parameter_msg"}
{"payload":{"local_timestamp":1688720924661,"param":{"paramName":"hyp|cls","paramValue":0.3,"source":"manual","step":null}},"type":"parameter_msg"}
{"payload":{"local_timestamp":1688720924661,"param":{"paramName":"hyp|cls_pw","paramValue":1.0,"source":"manual","step":null}},"type":"parameter_msg"}
{"payload":{"local_timestamp":1688720924661,"param":{"paramName":"hyp|copy_paste","paramValue":0.1,"source":"manual","step":null}},"type":"parameter_msg"}
{"payload":{"local_timestamp":1688720924661,"param":{"paramName":"hyp|degrees","paramValue":0.0,"source":"manual","step":null}},"type":"parameter_msg"}
{"payload":{"local_timestamp":1688720924661,"param":{"paramName":"hyp|fl_gamma","paramValue":0.0,"source":"manual","step":null}},"type":"parameter_msg"}
{"payload":{"local_timestamp":1688720924661,"param":{"paramName":"hyp|fliplr","paramValue":0.5,"source":"manual","step":null}},"type":"parameter_msg"}
{"payload":{"local_timestamp":1688720924661,"param":{"paramName":"hyp|flipud","paramValue":0.0,"source":"manual","step":null}},"type":"parameter_msg"}
{"payload":{"local_timestamp":1688720924661,"param":{"paramName":"hyp|hsv_h","paramValue":0.015,"source":"manual","step":null}},"type":"parameter_msg"}
{"payload":{"local_timestamp":1688720924661,"param":{"paramName":"hyp|hsv_s","paramValue":0.7,"source":"manual","step":null}},"type":"parameter_msg"}
{"payload":{"local_timestamp":1688720924661,"param":{"paramName":"hyp|hsv_v","paramValue":0.4,"source":"manual","step":null}},"type":"parameter_msg"}
{"payload":{"local_timestamp":1688720924661,"param":{"paramName":"hyp|iou_t","paramValue":0.2,"source":"manual","step":null}},"type":"parameter_msg"}
{"payload":{"local_timestamp":1688720924661,"param":{"paramName":"hyp|lr0","paramValue":0.01,"source":"manual","step":null}},"type":"parameter_msg"}
{"payload":{"local_timestamp":1688720924661,"param":{"paramName":"hyp|lrf","paramValue":0.1,"source":"manual","step":null}},"type":"parameter_msg"}
{"payload":{"local_timestamp":1688720924661,"param":{"paramName":"hyp|mixup","paramValue":0.1,"source":"manual","step":null}},"type":"parameter_msg"}
{"payload":{"local_timestamp":1688720924661,"param":{"paramName":"hyp|momentum","paramValue":0.937,"source":"manual","step":null}},"type":"parameter_msg"}
{"payload":{"local_timestamp":1688720924661,"param":{"paramName":"hyp|mosaic","paramValue":1.0,"source":"manual","step":null}},"type":"parameter_msg"}
{"payload":{"local_timestamp":1688720924661,"param":{"paramName":"hyp|obj","paramValue":0.7,"source":"manual","step":null}},"type":"parameter_msg"}
{"payload":{"local_timestamp":1688720924661,"param":{"paramName":"hyp|obj_pw","paramValue":1.0,"source":"manual","step":null}},"type":"parameter_msg"}
{"payload":{"local_timestamp":1688720924661,"param":{"paramName":"hyp|perspective","paramValue":0.0,"source":"manual","step":null}},"type":"parameter_msg"}
{"payload":{"local_timestamp":1688720924661,"param":{"paramName":"hyp|scale","paramValue":0.9,"source":"manual","step":null}},"type":"parameter_msg"}
{"payload":{"local_timestamp":1688720924661,"param":{"paramName":"hyp|shear","paramValue":0.0,"source":"manual","step":null}},"type":"parameter_msg"}
{"payload":{"local_timestamp":1688720924661,"param":{"paramName":"hyp|translate","paramValue":0.1,"source":"manual","step":null}},"type":"parameter_msg"}
{"payload":{"local_timestamp":1688720924661,"param":{"paramName":"hyp|warmup_bias_lr","paramValue":0.1,"source":"manual","step":null}},"type":"parameter_msg"}
{"payload":{"local_timestamp":1688720924661,"param":{"paramName":"hyp|warmup_epochs","paramValue":3.0,"source":"manual","step":null}},"type":"parameter_msg"}
{"payload":{"local_timestamp":1688720924661,"param":{"paramName":"hyp|warmup_momentum","paramValue":0.8,"source":"manual","step":null}},"type":"parameter_msg"}
{"payload":{"local_timestamp":1688720924661,"param":{"paramName":"hyp|weight_decay","paramValue":0.0005,"source":"manual","step":null}},"type":"parameter_msg"}
{"payload":{"local_timestamp":1688720924662,"param":{"paramName":"image_weights","paramValue":false,"source":"manual","step":null}},"type":"parameter_msg"}
{"payload":{"local_timestamp":1688720924662,"param":{"paramName":"imgsz","paramValue":640,"source":"manual","step":null}},"type":"parameter_msg"}
{"payload":{"local_timestamp":1688720924662,"param":{"paramName":"label_smoothing","paramValue":0.0,"source":"manual","step":null}},"type":"parameter_msg"}
{"payload":{"local_timestamp":1688720924662,"param":{"paramName":"local_rank","paramValue":-1,"source":"manual","step":null}},"type":"parameter_msg"}
{"payload":{"local_timestamp":1688720924662,"param":{"paramName":"multi_scale","paramValue":false,"source":"manual","step":null}},"type":"parameter_msg"}
{"payload":{"local_timestamp":1688720924662,"param":{"paramName":"noautoanchor","paramValue":false,"source":"manual","step":null}},"type":"parameter_msg"}
{"payload":{"local_timestamp":1688720924662,"param":{"paramName":"noplots","paramValue":false,"source":"manual","step":null}},"type":"parameter_msg"}
{"payload":{"local_timestamp":1688720924662,"param":{"paramName":"nosave","paramValue":false,"source":"manual","step":null}},"type":"parameter_msg"}
{"payload":{"local_timestamp":1688720924662,"param":{"paramName":"noval","paramValue":false,"source":"manual","step":null}},"type":"parameter_msg"}
{"payload":{"local_timestamp":1688720924662,"param":{"paramName":"optimizer","paramValue":"SGD","source":"manual","step":null}},"type":"parameter_msg"}
{"payload":{"local_timestamp":1688720924662,"param":{"paramName":"patience","paramValue":100,"source":"manual","step":null}},"type":"parameter_msg"}
{"payload":{"local_timestamp":1688720924662,"param":{"paramName":"project","paramValue":"yolov5\\runs\\train","source":"manual","step":null}},"type":"parameter_msg"}
{"payload":{"local_timestamp":1688720924662,"param":{"paramName":"quad","paramValue":false,"source":"manual","step":null}},"type":"parameter_msg"}
{"payload":{"local_timestamp":1688720924662,"param":{"paramName":"rect","paramValue":false,"source":"manual","step":null}},"type":"parameter_msg"}
{"payload":{"local_timestamp":1688720924662,"param":{"paramName":"resume","paramValue":false,"source":"manual","step":null}},"type":"parameter_msg"}
{"payload":{"local_timestamp":1688720924662,"param":{"paramName":"save_dir","paramValue":"yolov5\\runs\\train\\yolo_pantry_pal","source":"manual","step":null}},"type":"parameter_msg"}
{"payload":{"local_timestamp":1688720924662,"param":{"paramName":"save_period","paramValue":-1,"source":"manual","step":null}},"type":"parameter_msg"}
{"payload":{"local_timestamp":1688720924662,"param":{"paramName":"seed","paramValue":0,"source":"manual","step":null}},"type":"parameter_msg"}
{"payload":{"local_timestamp":1688720924662,"param":{"paramName":"single_cls","paramValue":false,"source":"manual","step":null}},"type":"parameter_msg"}
{"payload":{"local_timestamp":1688720924662,"param":{"paramName":"sync_bn","paramValue":false,"source":"manual","step":null}},"type":"parameter_msg"}
{"payload":{"local_timestamp":1688720924662,"param":{"paramName":"upload_dataset","paramValue":false,"source":"manual","step":null}},"type":"parameter_msg"}
{"payload":{"local_timestamp":1688720924662,"param":{"paramName":"anchor_t","paramValue":4.0,"source":"manual","step":null}},"type":"parameter_msg"}
{"payload":{"local_timestamp":1688720924662,"param":{"paramName":"box","paramValue":0.05,"source":"manual","step":null}},"type":"parameter_msg"}
{"payload":{"local_timestamp":1688720924662,"param":{"paramName":"cls","paramValue":0.3,"source":"manual","step":null}},"type":"parameter_msg"}
{"payload":{"local_timestamp":1688720924662,"param":{"paramName":"cls_pw","paramValue":1.0,"source":"manual","step":null}},"type":"parameter_msg"}
{"payload":{"local_timestamp":1688720924662,"param":{"paramName":"copy_paste","paramValue":0.1,"source":"manual","step":null}},"type":"parameter_msg"}
{"payload":{"local_timestamp":1688720924662,"param":{"paramName":"degrees","paramValue":0.0,"source":"manual","step":null}},"type":"parameter_msg"}
{"payload":{"local_timestamp":1688720924662,"param":{"paramName":"fl_gamma","paramValue":0.0,"source":"manual","step":null}},"type":"parameter_msg"}
{"payload":{"local_timestamp":1688720924662,"param":{"paramName":"fliplr","paramValue":0.5,"source":"manual","step":null}},"type":"parameter_msg"}
{"payload":{"local_timestamp":1688720924662,"param":{"paramName":"flipud","paramValue":0.0,"source":"manual","step":null}},"type":"parameter_msg"}
{"payload":{"local_timestamp":1688720924662,"param":{"paramName":"hsv_h","paramValue":0.015,"source":"manual","step":null}},"type":"parameter_msg"}
{"payload":{"local_timestamp":1688720924662,"param":{"paramName":"hsv_s","paramValue":0.7,"source":"manual","step":null}},"type":"parameter_msg"}
{"payload":{"local_timestamp":1688720924662,"param":{"paramName":"hsv_v","paramValue":0.4,"source":"manual","step":null}},"type":"parameter_msg"}
{"payload":{"local_timestamp":1688720924662,"param":{"paramName":"iou_t","paramValue":0.2,"source":"manual","step":null}},"type":"parameter_msg"}
{"payload":{"local_timestamp":1688720924662,"param":{"paramName":"lr0","paramValue":0.01,"source":"manual","step":null}},"type":"parameter_msg"}
{"payload":{"local_timestamp":1688720924662,"param":{"paramName":"lrf","paramValue":0.1,"source":"manual","step":null}},"type":"parameter_msg"}
{"payload":{"local_timestamp":1688720924662,"param":{"paramName":"mixup","paramValue":0.1,"source":"manual","step":null}},"type":"parameter_msg"}
{"payload":{"local_timestamp":1688720924662,"param":{"paramName":"momentum","paramValue":0.937,"source":"manual","step":null}},"type":"parameter_msg"}
{"payload":{"local_timestamp":1688720924662,"param":{"paramName":"mosaic","paramValue":1.0,"source":"manual","step":null}},"type":"parameter_msg"}
{"payload":{"local_timestamp":1688720924662,"param":{"paramName":"obj","paramValue":0.7,"source":"manual","step":null}},"type":"parameter_msg"}
{"payload":{"local_timestamp":1688720924662,"param":{"paramName":"obj_pw","paramValue":1.0,"source":"manual","step":null}},"type":"parameter_msg"}
{"payload":{"local_timestamp":1688720924662,"param":{"paramName":"perspective","paramValue":0.0,"source":"manual","step":null}},"type":"parameter_msg"}
{"payload":{"local_timestamp":1688720924662,"param":{"paramName":"scale","paramValue":0.9,"source":"manual","step":null}},"type":"parameter_msg"}
{"payload":{"local_timestamp":1688720924662,"param":{"paramName":"shear","paramValue":0.0,"source":"manual","step":null}},"type":"parameter_msg"}
{"payload":{"local_timestamp":1688720924662,"param":{"paramName":"translate","paramValue":0.1,"source":"manual","step":null}},"type":"parameter_msg"}
{"payload":{"local_timestamp":1688720924662,"param":{"paramName":"warmup_bias_lr","paramValue":0.1,"source":"manual","step":null}},"type":"parameter_msg"}
{"payload":{"local_timestamp":1688720924662,"param":{"paramName":"warmup_epochs","paramValue":3.0,"source":"manual","step":null}},"type":"parameter_msg"}
{"payload":{"local_timestamp":1688720924662,"param":{"paramName":"warmup_momentum","paramValue":0.8,"source":"manual","step":null}},"type":"parameter_msg"}
{"payload":{"local_timestamp":1688720924662,"param":{"paramName":"weight_decay","paramValue":0.0005,"source":"manual","step":null}},"type":"parameter_msg"}
{"payload":{"additional_params":{"assetId":"017fec6d4ed948839e71aa393e1e330b","context":null,"epoch":null,"extension":"json","fileName":"hyperparameters.json","overwrite":false,"runId":null,"step":null},"clean":true,"file_path":"tmpklk884a1","local_timestamp":1688720924671,"metadata":{"type":"hyp-config-file"},"upload_type":"asset"},"type":"file_upload"}
{"payload":{"additional_params":{"assetId":"e46256d4b365489abaeac42434099dc3","context":null,"extension":"yaml","fileName":"opt.yaml","overwrite":false,"runId":null,"step":null},"clean":true,"file_path":"tmphbhhf8uq","local_timestamp":1688720924664,"metadata":{"type":"opt-config-file"},"upload_type":"asset"},"type":"file_upload"}
{"payload":{"local_timestamp":1688720924664,"param":{"paramName":"val_conf_threshold","paramValue":0.001,"source":"manual","step":null}},"type":"parameter_msg"}
{"payload":{"local_timestamp":1688720924665,"param":{"paramName":"val_iou_threshold","paramValue":0.6,"source":"manual","step":null}},"type":"parameter_msg"}
{"payload":{"local_timestamp":1688720924665,"log_other":{"key":"comet_mode","val":"online"}},"type":"ws_msg"}
{"payload":{"local_timestamp":1688720924665,"log_other":{"key":"comet_max_image_uploads","val":100}},"type":"ws_msg"}
{"payload":{"local_timestamp":1688720924665,"log_other":{"key":"comet_log_per_class_metrics","val":false}},"type":"ws_msg"}
{"payload":{"local_timestamp":1688720924665,"log_other":{"key":"comet_log_batch_metrics","val":false}},"type":"ws_msg"}
{"payload":{"local_timestamp":1688720924665,"log_other":{"key":"comet_log_confusion_matrix","val":true}},"type":"ws_msg"}
{"payload":{"local_timestamp":1688720924665,"log_other":{"key":"comet_model_name","val":"yolov5"}},"type":"ws_msg"}
{"payload":{"local_timestamp":1688720925603,"stderr":true,"stdout":"Overriding model.yaml nc=80 with nc=4\n"},"type":"ws_msg"}
{"payload":{"local_timestamp":1688720925605,"stderr":true,"stdout":"\n                 from  n    params  module                                  arguments                     \n"},"type":"ws_msg"}
{"payload":{"local_timestamp":1688720925620,"stderr":true,"stdout":"  0                -1  1      8800  models.common.Conv                      [3, 80, 6, 2, 2]              \n"},"type":"ws_msg"}
{"payload":{"local_timestamp":1688720925622,"stderr":true,"stdout":"  1                -1  1    115520  models.common.Conv                      [80, 160, 3, 2]               \n"},"type":"ws_msg"}
{"payload":{"local_timestamp":1688720925626,"stderr":true,"stdout":"  2                -1  4    309120  models.common.C3                        [160, 160, 4]                 \n"},"type":"ws_msg"}
{"payload":{"local_timestamp":1688720925629,"stderr":true,"stdout":"  3                -1  1    461440  models.common.Conv                      [160, 320, 3, 2]              \n"},"type":"ws_msg"}
{"payload":{"local_timestamp":1688720925645,"stderr":true,"stdout":"  4                -1  8   2259200  models.common.C3                        [320, 320, 8]                 \n"},"type":"ws_msg"}
{"payload":{"local_timestamp":1688720925654,"stderr":true,"stdout":"  5                -1  1   1844480  models.common.Conv                      [320, 640, 3, 2]              \n"},"type":"ws_msg"}
{"payload":{"local_timestamp":1688720925722,"stderr":true,"stdout":"  6                -1 12  13125120  models.common.C3                        [640, 640, 12]                \n"},"type":"ws_msg"}
{"payload":{"local_timestamp":1688720925755,"stderr":true,"stdout":"  7                -1  1   7375360  models.common.Conv                      [640, 1280, 3, 2]             \n"},"type":"ws_msg"}
{"payload":{"local_timestamp":1688720925846,"stderr":true,"stdout":"  8                -1  4  19676160  models.common.C3                        [1280, 1280, 4]               \n"},"type":"ws_msg"}
{"payload":{"local_timestamp":1688720925865,"stderr":true,"stdout":"  9                -1  1   4099840  models.common.SPPF                      [1280, 1280, 5]               \n"},"type":"ws_msg"}
{"payload":{"local_timestamp":1688720925869,"stderr":true,"stdout":" 10                -1  1    820480  models.common.Conv                      [1280, 640, 1, 1]             \n"},"type":"ws_msg"}
{"payload":{"local_timestamp":1688720925870,"stderr":true,"stdout":" 11                -1  1         0  torch.nn.modules.upsampling.Upsample    [None, 2, 'nearest']          \n"},"type":"ws_msg"}
{"payload":{"local_timestamp":1688720925871,"stderr":true,"stdout":" 12           [-1, 6]  1         0  models.common.Concat                    [1]                           \n"},"type":"ws_msg"}
{"payload":{"local_timestamp":1688720925899,"stderr":true,"stdout":" 13                -1  4   5332480  models.common.C3                        [1280, 640, 4, False]         \n"},"type":"ws_msg"}
{"payload":{"local_timestamp":1688720925901,"stderr":true,"stdout":" 14                -1  1    205440  models.common.Conv                      [640, 320, 1, 1]              \n"},"type":"ws_msg"}
{"payload":{"local_timestamp":1688720925906,"stderr":true,"stdout":" 15                -1  1         0  torch.nn.modules.upsampling.Upsample    [None, 2, 'nearest']          \n"},"type":"ws_msg"}
{"payload":{"local_timestamp":1688720925906,"stderr":true,"stdout":" 16           [-1, 4]  1         0  models.common.Concat                    [1]                           \n"},"type":"ws_msg"}
{"payload":{"local_timestamp":1688720925917,"stderr":true,"stdout":" 17                -1  4   1335040  models.common.C3                        [640, 320, 4, False]          \n"},"type":"ws_msg"}
{"payload":{"local_timestamp":1688720925922,"stderr":true,"stdout":" 18                -1  1    922240  models.common.Conv                      [320, 320, 3, 2]              \n"},"type":"ws_msg"}
{"payload":{"local_timestamp":1688720925923,"stderr":true,"stdout":" 19          [-1, 14]  1         0  models.common.Concat                    [1]                           \n"},"type":"ws_msg"}
{"payload":{"local_timestamp":1688720925948,"stderr":true,"stdout":" 20                -1  4   4922880  models.common.C3                        [640, 640, 4, False]          \n"},"type":"ws_msg"}
{"payload":{"local_timestamp":1688720925965,"stderr":true,"stdout":" 21                -1  1   3687680  models.common.Conv                      [640, 640, 3, 2]              \n"},"type":"ws_msg"}
{"payload":{"local_timestamp":1688720925970,"stderr":true,"stdout":" 22          [-1, 10]  1         0  models.common.Concat                    [1]                           \n"},"type":"ws_msg"}
{"payload":{"local_timestamp":1688720926061,"stderr":true,"stdout":" 23                -1  4  19676160  models.common.C3                        [1280, 1280, 4, False]        \n"},"type":"ws_msg"}
{"payload":{"local_timestamp":1688720926070,"stderr":true,"stdout":" 24      [17, 20, 23]  1     60561  models.yolo.Detect                      [4, [[10, 13, 16, 30, 33, 23], [30, 61, 62, 45, 59, 119], [116, 90, 156, 198, 373, 326]], [320, 640, 1280]]\n"},"type":"ws_msg"}
{"payload":{"local_timestamp":1688720926878,"stderr":true,"stdout":"YOLOv5x summary: 445 layers, 86238001 parameters, 86238001 gradients, 204.7 GFLOPs\n"},"type":"ws_msg"}
{"payload":{"local_timestamp":1688720926881,"stderr":true,"stdout":"\n"},"type":"ws_msg"}
{"payload":{"local_timestamp":1688720927460,"stderr":true,"stdout":"Transferred 389/745 items from yolov5\\yolov5x6.pt\n"},"type":"ws_msg"}
{"payload":{"local_timestamp":1688720932530,"stderr":true,"stdout":"\u001b[34m\u001b[1mAMP: \u001b[0mchecks passed \n"},"type":"ws_msg"}
{"payload":{"local_timestamp":1688720932535,"stderr":true,"stdout":"\u001b[34m\u001b[1moptimizer:\u001b[0m SGD(lr=0.01) with parameter groups 123 weight(decay=0.0), 126 weight(decay=0.0005), 126 bias\n"},"type":"ws_msg"}
{"payload":{"local_timestamp":1688720932703,"stderr":true,"stdout":"\r\u001b[34m\u001b[1mtrain: \u001b[0mScanning C:\\Code\\CodeProjects\\pantry_pal\\data\\YOLODataset\\labels\\train...:   0%|          | 0/31 [00:00<?, ?it/s]\u001b[0m"},"type":"ws_msg"}
{"payload":{"local_timestamp":1688720941436,"stderr":true,"stdout":"\r\u001b[34m\u001b[1mtrain: \u001b[0mScanning C:\\Code\\CodeProjects\\pantry_pal\\data\\YOLODataset\\labels\\train... 1 images, 0 backgrounds, 0 corrupt:   3%|\u258e         | 1/31 [00:08<04:21,  8.73s/it]\u001b[0m"},"type":"ws_msg"}
{"payload":{"local_timestamp":1688720941597,"stderr":true,"stdout":"\r\u001b[34m\u001b[1mtrain: \u001b[0mScanning C:\\Code\\CodeProjects\\pantry_pal\\data\\YOLODataset\\labels\\train... 7 images, 0 backgrounds, 0 corrupt:  23%|\u2588\u2588\u258e       | 7/31 [00:08<00:22,  1.07it/s]\u001b[0m"},"type":"ws_msg"}
{"payload":{"local_timestamp":1688720941880,"stderr":true,"stdout":"\r\u001b[34m\u001b[1mtrain: \u001b[0mScanning C:\\Code\\CodeProjects\\pantry_pal\\data\\YOLODataset\\labels\\train... 10 images, 0 backgrounds, 0 corrupt:  32%|\u2588\u2588\u2588\u258f      | 10/31 [00:09<00:12,  1.65it/s]\u001b[0m"},"type":"ws_msg"}
{"payload":{"local_timestamp":1688720942163,"stderr":true,"stdout":"\r\u001b[34m\u001b[1mtrain: \u001b[0mScanning C:\\Code\\CodeProjects\\pantry_pal\\data\\YOLODataset\\labels\\train... 18 images, 0 backgrounds, 0 corrupt:  58%|\u2588\u2588\u2588\u2588\u2588\u258a    | 18/31 [00:09<00:03,  3.76it/s]\u001b[0m"},"type":"ws_msg"}
{"payload":{"local_timestamp":1688720942289,"stderr":true,"stdout":"\r\u001b[34m\u001b[1mtrain: \u001b[0mScanning C:\\Code\\CodeProjects\\pantry_pal\\data\\YOLODataset\\labels\\train... 21 images, 0 backgrounds, 0 corrupt:  68%|\u2588\u2588\u2588\u2588\u2588\u2588\u258a   | 21/31 [00:09<00:02,  4.73it/s]\u001b[0m"},"type":"ws_msg"}
{"payload":{"local_timestamp":1688720942517,"stderr":true,"stdout":"\r\u001b[34m\u001b[1mtrain: \u001b[0mScanning C:\\Code\\CodeProjects\\pantry_pal\\data\\YOLODataset\\labels\\train... 26 images, 0 backgrounds, 0 corrupt:  84%|\u2588\u2588\u2588\u2588\u2588\u2588\u2588\u2588\u258d | 26/31 [00:09<00:00,  6.63it/s]\u001b[0m"},"type":"ws_msg"}
{"payload":{"local_timestamp":1688720942519,"stderr":true,"stdout":"\r\u001b[34m\u001b[1mtrain: \u001b[0mScanning C:\\Code\\CodeProjects\\pantry_pal\\data\\YOLODataset\\labels\\train... 31 images, 0 backgrounds, 0 corrupt: 100%|\u2588\u2588\u2588\u2588\u2588\u2588\u2588\u2588\u2588\u2588| 31/31 [00:09<00:00,  3.16it/s]\u001b[0m"},"type":"ws_msg"}
{"payload":{"local_timestamp":1688720942521,"stderr":true,"stdout":"\n"},"type":"ws_msg"}
{"payload":{"local_timestamp":1688720942602,"stderr":true,"stdout":"\u001b[34m\u001b[1mtrain: \u001b[0mWARNING  Cache directory C:\\Code\\CodeProjects\\pantry_pal\\data\\YOLODataset\\labels is not writeable: [WinError 183] Cannot create a file when that file already exists: 'C:\\\\Code\\\\CodeProjects\\\\pantry_pal\\\\data\\\\YOLODataset\\\\labels\\\\train.cache.npy' -> 'C:\\\\Code\\\\CodeProjects\\\\pantry_pal\\\\data\\\\YOLODataset\\\\labels\\\\train.cache'\n"},"type":"ws_msg"}
{"payload":{"local_timestamp":1688720984016,"metric":{"epoch":null,"metricName":"sys.cpu.percent.avg","metricValue":8.415625000000002,"step":null}},"type":"metric_msg"}
{"payload":{"local_timestamp":1688720984016,"metric":{"epoch":null,"metricName":"sys.load.avg","metricValue":0.0,"step":null}},"type":"metric_msg"}
{"payload":{"local_timestamp":1688720984016,"metric":{"epoch":null,"metricName":"sys.ram.total","metricValue":17066106880,"step":null}},"type":"metric_msg"}
{"payload":{"local_timestamp":1688720984016,"metric":{"epoch":null,"metricName":"sys.ram.used","metricValue":15124615168,"step":null}},"type":"metric_msg"}
{"payload":{"local_timestamp":1688720984020,"metric":{"epoch":null,"metricName":"sys.network.send_bps","metricValue":1400,"step":null}},"type":"metric_msg"}
{"payload":{"local_timestamp":1688720984020,"metric":{"epoch":null,"metricName":"sys.network.receive_bps","metricValue":23596,"step":null}},"type":"metric_msg"}
{"payload":{"local_timestamp":1688720984026,"metric":{"epoch":null,"metricName":"sys.gpu.0.free_memory","metricValue":5489123328,"step":null}},"type":"metric_msg"}
{"payload":{"local_timestamp":1688720984026,"metric":{"epoch":null,"metricName":"sys.gpu.0.gpu_utilization","metricValue":0,"step":null}},"type":"metric_msg"}
{"payload":{"local_timestamp":1688720984026,"metric":{"epoch":null,"metricName":"sys.gpu.0.power_usage","metricValue":21256,"step":null}},"type":"metric_msg"}
{"payload":{"local_timestamp":1688720984026,"metric":{"epoch":null,"metricName":"sys.gpu.0.temperature","metricValue":38,"step":null}},"type":"metric_msg"}
{"payload":{"local_timestamp":1688720984026,"metric":{"epoch":null,"metricName":"sys.gpu.0.used_memory","metricValue":3100811264,"step":null}},"type":"metric_msg"}
{"payload":{"local_timestamp":1688721044063,"metric":{"epoch":null,"metricName":"sys.cpu.percent.avg","metricValue":5.234375,"step":null}},"type":"metric_msg"}
{"payload":{"local_timestamp":1688721044063,"metric":{"epoch":null,"metricName":"sys.load.avg","metricValue":0.0,"step":null}},"type":"metric_msg"}
{"payload":{"local_timestamp":1688721044063,"metric":{"epoch":null,"metricName":"sys.ram.total","metricValue":17066106880,"step":null}},"type":"metric_msg"}
{"payload":{"local_timestamp":1688721044064,"metric":{"epoch":null,"metricName":"sys.ram.used","metricValue":16190435328,"step":null}},"type":"metric_msg"}
{"payload":{"local_timestamp":1688721044067,"metric":{"epoch":null,"metricName":"sys.network.send_bps","metricValue":4012,"step":null}},"type":"metric_msg"}
{"payload":{"local_timestamp":1688721044067,"metric":{"epoch":null,"metricName":"sys.network.receive_bps","metricValue":8575,"step":null}},"type":"metric_msg"}
{"payload":{"local_timestamp":1688721044072,"metric":{"epoch":null,"metricName":"sys.gpu.0.free_memory","metricValue":5538455552,"step":null}},"type":"metric_msg"}
{"payload":{"local_timestamp":1688721044073,"metric":{"epoch":null,"metricName":"sys.gpu.0.gpu_utilization","metricValue":2,"step":null}},"type":"metric_msg"}
{"payload":{"local_timestamp":1688721044073,"metric":{"epoch":null,"metricName":"sys.gpu.0.power_usage","metricValue":20702,"step":null}},"type":"metric_msg"}
{"payload":{"local_timestamp":1688721044073,"metric":{"epoch":null,"metricName":"sys.gpu.0.temperature","metricValue":38,"step":null}},"type":"metric_msg"}
{"payload":{"local_timestamp":1688721044073,"metric":{"epoch":null,"metricName":"sys.gpu.0.used_memory","metricValue":3051479040,"step":null}},"type":"metric_msg"}
{"payload":{"local_timestamp":1688721082773,"stderr":true,"stdout":"\r\u001b[34m\u001b[1mval: \u001b[0mScanning C:\\Code\\CodeProjects\\pantry_pal\\data\\YOLODataset\\labels\\val...:   0%|          | 0/11 [00:00<?, ?it/s]\u001b[0m"},"type":"ws_msg"}
{"payload":{"local_timestamp":1688721103628,"stderr":true,"stdout":"\r\u001b[34m\u001b[1mval: \u001b[0mScanning C:\\Code\\CodeProjects\\pantry_pal\\data\\YOLODataset\\labels\\val... 1 images, 0 backgrounds, 0 corrupt:   9%|\u2589         | 1/11 [00:20<03:28, 20.85s/it]\u001b[0m"},"type":"ws_msg"}
{"payload":{"local_timestamp":1688721104020,"stderr":true,"stdout":"\r\u001b[34m\u001b[1mval: \u001b[0mScanning C:\\Code\\CodeProjects\\pantry_pal\\data\\YOLODataset\\labels\\val... 2 images, 0 backgrounds, 0 corrupt:  18%|\u2588\u258a        | 2/11 [00:21<01:19,  8.82s/it]\u001b[0m"},"type":"ws_msg"}
{"payload":{"local_timestamp":1688721104142,"metric":{"epoch":null,"metricName":"sys.cpu.percent.avg","metricValue":35.11875,"step":null}},"type":"metric_msg"}
{"payload":{"local_timestamp":1688721104142,"metric":{"epoch":null,"metricName":"sys.load.avg","metricValue":0.34,"step":null}},"type":"metric_msg"}
{"payload":{"local_timestamp":1688721104142,"metric":{"epoch":null,"metricName":"sys.ram.total","metricValue":17066106880,"step":null}},"type":"metric_msg"}
{"payload":{"local_timestamp":1688721104142,"metric":{"epoch":null,"metricName":"sys.ram.used","metricValue":16742387712,"step":null}},"type":"metric_msg"}
{"payload":{"local_timestamp":1688721104142,"metric":{"epoch":null,"metricName":"sys.network.send_bps","metricValue":317,"step":null}},"type":"metric_msg"}
{"payload":{"local_timestamp":1688721104142,"metric":{"epoch":null,"metricName":"sys.network.receive_bps","metricValue":6771,"step":null}},"type":"metric_msg"}
{"payload":{"local_timestamp":1688721104146,"stderr":true,"stdout":"\r\u001b[34m\u001b[1mval: \u001b[0mScanning C:\\Code\\CodeProjects\\pantry_pal\\data\\YOLODataset\\labels\\val... 3 images, 0 backgrounds, 0 corrupt:  27%|\u2588\u2588\u258b       | 3/11 [00:21<00:38,  4.85s/it]\u001b[0m"},"type":"ws_msg"}
{"payload":{"local_timestamp":1688721104152,"metric":{"epoch":null,"metricName":"sys.gpu.0.free_memory","metricValue":5533343744,"step":null}},"type":"metric_msg"}
{"payload":{"local_timestamp":1688721104152,"metric":{"epoch":null,"metricName":"sys.gpu.0.gpu_utilization","metricValue":1,"step":null}},"type":"metric_msg"}
{"payload":{"local_timestamp":1688721104152,"metric":{"epoch":null,"metricName":"sys.gpu.0.power_usage","metricValue":21444,"step":null}},"type":"metric_msg"}
{"payload":{"local_timestamp":1688721104152,"metric":{"epoch":null,"metricName":"sys.gpu.0.temperature","metricValue":38,"step":null}},"type":"metric_msg"}
{"payload":{"local_timestamp":1688721104152,"metric":{"epoch":null,"metricName":"sys.gpu.0.used_memory","metricValue":3056590848,"step":null}},"type":"metric_msg"}
{"payload":{"local_timestamp":1688721104192,"stderr":true,"stdout":"\r\u001b[34m\u001b[1mval: \u001b[0mScanning C:\\Code\\CodeProjects\\pantry_pal\\data\\YOLODataset\\labels\\val... 11 images, 0 backgrounds, 0 corrupt: 100%|\u2588\u2588\u2588\u2588\u2588\u2588\u2588\u2588\u2588\u2588| 11/11 [00:21<00:00,  1.95s/it]\u001b[0m"},"type":"ws_msg"}
{"payload":{"local_timestamp":1688721104192,"stderr":true,"stdout":"\n"},"type":"ws_msg"}
{"payload":{"local_timestamp":1688721104590,"stderr":true,"stdout":"\u001b[34m\u001b[1mval: \u001b[0mWARNING  Cache directory C:\\Code\\CodeProjects\\pantry_pal\\data\\YOLODataset\\labels is not writeable: [WinError 183] Cannot create a file when that file already exists: 'C:\\\\Code\\\\CodeProjects\\\\pantry_pal\\\\data\\\\YOLODataset\\\\labels\\\\val.cache.npy' -> 'C:\\\\Code\\\\CodeProjects\\\\pantry_pal\\\\data\\\\YOLODataset\\\\labels\\\\val.cache'\n"},"type":"ws_msg"}
{"payload":{"local_timestamp":1688721106795,"stderr":true,"stdout":"\n\u001b[34m\u001b[1mAutoAnchor: \u001b[0m5.68 anchors/target, 1.000 Best Possible Recall (BPR). Current anchors are a good fit to dataset \n"},"type":"ws_msg"}
{"payload":{"local_timestamp":1688721106987,"stderr":true,"stdout":"Plotting labels to yolov5\\runs\\train\\yolo_pantry_pal\\labels.jpg... \n"},"type":"ws_msg"}
{"payload":{"additional_params":{"assetId":"e886533913384c40832f172936ed684b","context":null,"extension":"jpg","fileName":"labels.jpg","overwrite":false,"runId":null,"step":null},"clean":true,"file_path":"tmp0mwnxw4u","local_timestamp":1688721114848,"metadata":{},"upload_type":"asset"},"type":"file_upload"}
{"payload":{"additional_params":{"assetId":"e390cedcf97043958314a766d436725f","context":null,"extension":"jpg","fileName":"labels_correlogram.jpg","overwrite":false,"runId":null,"step":null},"clean":true,"file_path":"tmp1ftt5gls","local_timestamp":1688721114860,"metadata":{},"upload_type":"asset"},"type":"file_upload"}
{"payload":{"local_timestamp":1688721114936,"param":{"paramName":"cls","paramValue":0.015000000000000003,"source":"manual","step":null}},"type":"parameter_msg"}
{"payload":{"local_timestamp":1688721114936,"stderr":true,"stdout":"Image sizes 640 train, 640 val\nUsing 24 dataloader workers\nLogging results to \u001b[1myolov5\\runs\\train\\yolo_pantry_pal\u001b[0m\nStarting training for 100 epochs...\n"},"type":"ws_msg"}
{"payload":{"local_timestamp":1688721115000,"stderr":true,"stdout":"\n      Epoch    GPU_mem   box_loss   obj_loss   cls_loss  Instances       Size\n"},"type":"ws_msg"}
{"payload":{"local_timestamp":1688721115001,"stderr":true,"stdout":"\r  0%|          | 0/1 [00:00<?, ?it/s]"},"type":"ws_msg"}
{"payload":{"local_timestamp":1688721160106,"stderr":true,"stdout":"\r  0%|          | 0/1 [00:45<?, ?it/s]"},"type":"ws_msg"}
{"payload":{"local_timestamp":1688721160107,"stderr":true,"stdout":"\n"},"type":"ws_msg"}
{"payload":{"local_timestamp":1688721160122,"stderr":true,"stdout":"Traceback (most recent call last):\n"},"type":"ws_msg"}
{"payload":{"local_timestamp":1688721160122,"stderr":true,"stdout":"  File \"C:\\Code\\CodeProjects\\pantry_pal\\yolov5\\train.py\", line 647, in <module>\n"},"type":"ws_msg"}
{"payload":{"local_timestamp":1688721160128,"stderr":true,"stdout":"    "},"type":"ws_msg"}
{"payload":{"local_timestamp":1688721160128,"stderr":true,"stdout":"main(opt)"},"type":"ws_msg"}
{"payload":{"local_timestamp":1688721160131,"stderr":true,"stdout":"\n"},"type":"ws_msg"}
{"payload":{"local_timestamp":1688721160132,"stderr":true,"stdout":"  File \"C:\\Code\\CodeProjects\\pantry_pal\\yolov5\\train.py\", line 536, in main\n"},"type":"ws_msg"}
{"payload":{"local_timestamp":1688721160132,"stderr":true,"stdout":"    "},"type":"ws_msg"}
{"payload":{"local_timestamp":1688721160132,"stderr":true,"stdout":"train(opt.hyp, opt, device, callbacks)"},"type":"ws_msg"}
{"payload":{"local_timestamp":1688721160132,"stderr":true,"stdout":"\n"},"type":"ws_msg"}
{"payload":{"local_timestamp":1688721160133,"stderr":true,"stdout":"  File \"C:\\Code\\CodeProjects\\pantry_pal\\yolov5\\train.py\", line 317, in train\n"},"type":"ws_msg"}
{"payload":{"local_timestamp":1688721160133,"stderr":true,"stdout":"    "},"type":"ws_msg"}
{"payload":{"local_timestamp":1688721160133,"stderr":true,"stdout":"pred = model(imgs)  # forward"},"type":"ws_msg"}
{"payload":{"local_timestamp":1688721160133,"stderr":true,"stdout":"\n"},"type":"ws_msg"}
{"payload":{"local_timestamp":1688721160133,"stderr":true,"stdout":" "},"type":"ws_msg"}
{"payload":{"local_timestamp":1688721160133,"stderr":true,"stdout":" "},"type":"ws_msg"}
{"payload":{"local_timestamp":1688721160133,"stderr":true,"stdout":" "},"type":"ws_msg"}
{"payload":{"local_timestamp":1688721160133,"stderr":true,"stdout":" "},"type":"ws_msg"}
{"payload":{"local_timestamp":1688721160133,"stderr":true,"stdout":" "},"type":"ws_msg"}
{"payload":{"local_timestamp":1688721160133,"stderr":true,"stdout":" "},"type":"ws_msg"}
{"payload":{"local_timestamp":1688721160133,"stderr":true,"stdout":" "},"type":"ws_msg"}
{"payload":{"local_timestamp":1688721160133,"stderr":true,"stdout":" "},"type":"ws_msg"}
{"payload":{"local_timestamp":1688721160133,"stderr":true,"stdout":" "},"type":"ws_msg"}
{"payload":{"local_timestamp":1688721160133,"stderr":true,"stdout":" "},"type":"ws_msg"}
{"payload":{"local_timestamp":1688721160133,"stderr":true,"stdout":" "},"type":"ws_msg"}
{"payload":{"local_timestamp":1688721160134,"stderr":true,"stdout":"^"},"type":"ws_msg"}
{"payload":{"local_timestamp":1688721160134,"stderr":true,"stdout":"^"},"type":"ws_msg"}
{"payload":{"local_timestamp":1688721160134,"stderr":true,"stdout":"^"},"type":"ws_msg"}
{"payload":{"local_timestamp":1688721160134,"stderr":true,"stdout":"^"},"type":"ws_msg"}
{"payload":{"local_timestamp":1688721160134,"stderr":true,"stdout":"^"},"type":"ws_msg"}
{"payload":{"local_timestamp":1688721160134,"stderr":true,"stdout":"^"},"type":"ws_msg"}
{"payload":{"local_timestamp":1688721160134,"stderr":true,"stdout":"^"},"type":"ws_msg"}
{"payload":{"local_timestamp":1688721160134,"stderr":true,"stdout":"^"},"type":"ws_msg"}
{"payload":{"local_timestamp":1688721160134,"stderr":true,"stdout":"^"},"type":"ws_msg"}
{"payload":{"local_timestamp":1688721160134,"stderr":true,"stdout":"^"},"type":"ws_msg"}
{"payload":{"local_timestamp":1688721160134,"stderr":true,"stdout":"^"},"type":"ws_msg"}
{"payload":{"local_timestamp":1688721160134,"stderr":true,"stdout":"\n"},"type":"ws_msg"}
{"payload":{"local_timestamp":1688721160134,"stderr":true,"stdout":"  File \"C:\\Code\\Python\\PythonVirtualEnvironments\\PantryPal\\Lib\\site-packages\\torch\\nn\\modules\\module.py\", line 1501, in _call_impl\n"},"type":"ws_msg"}
{"payload":{"local_timestamp":1688721160173,"stderr":true,"stdout":"    "},"type":"ws_msg"}
{"payload":{"local_timestamp":1688721160173,"stderr":true,"stdout":"return forward_call(*args, **kwargs)"},"type":"ws_msg"}
{"payload":{"local_timestamp":1688721160173,"stderr":true,"stdout":"\n"},"type":"ws_msg"}
{"payload":{"local_timestamp":1688721160173,"stderr":true,"stdout":" "},"type":"ws_msg"}
{"payload":{"local_timestamp":1688721160173,"stderr":true,"stdout":" "},"type":"ws_msg"}
{"payload":{"local_timestamp":1688721160173,"stderr":true,"stdout":" "},"type":"ws_msg"}
{"payload":{"local_timestamp":1688721160173,"stderr":true,"stdout":" "},"type":"ws_msg"}
{"payload":{"local_timestamp":1688721160173,"stderr":true,"stdout":" "},"type":"ws_msg"}
{"payload":{"local_timestamp":1688721160173,"stderr":true,"stdout":" "},"type":"ws_msg"}
{"payload":{"local_timestamp":1688721160173,"stderr":true,"stdout":" "},"type":"ws_msg"}
{"payload":{"local_timestamp":1688721160173,"stderr":true,"stdout":" "},"type":"ws_msg"}
{"payload":{"local_timestamp":1688721160173,"stderr":true,"stdout":" "},"type":"ws_msg"}
{"payload":{"local_timestamp":1688721160173,"stderr":true,"stdout":" "},"type":"ws_msg"}
{"payload":{"local_timestamp":1688721160173,"stderr":true,"stdout":" "},"type":"ws_msg"}
{"payload":{"local_timestamp":1688721160173,"stderr":true,"stdout":"^"},"type":"ws_msg"}
{"payload":{"local_timestamp":1688721160174,"stderr":true,"stdout":"^"},"type":"ws_msg"}
{"payload":{"local_timestamp":1688721160174,"stderr":true,"stdout":"^"},"type":"ws_msg"}
{"payload":{"local_timestamp":1688721160174,"stderr":true,"stdout":"^"},"type":"ws_msg"}
{"payload":{"local_timestamp":1688721160174,"stderr":true,"stdout":"^"},"type":"ws_msg"}
{"payload":{"local_timestamp":1688721160174,"stderr":true,"stdout":"^"},"type":"ws_msg"}
{"payload":{"local_timestamp":1688721160174,"stderr":true,"stdout":"^"},"type":"ws_msg"}
{"payload":{"local_timestamp":1688721160174,"stderr":true,"stdout":"^"},"type":"ws_msg"}
{"payload":{"local_timestamp":1688721160174,"stderr":true,"stdout":"^"},"type":"ws_msg"}
{"payload":{"local_timestamp":1688721160174,"stderr":true,"stdout":"^"},"type":"ws_msg"}
{"payload":{"local_timestamp":1688721160174,"stderr":true,"stdout":"^"},"type":"ws_msg"}
{"payload":{"local_timestamp":1688721160174,"stderr":true,"stdout":"^"},"type":"ws_msg"}
{"payload":{"local_timestamp":1688721160174,"stderr":true,"stdout":"^"},"type":"ws_msg"}
{"payload":{"local_timestamp":1688721160174,"stderr":true,"stdout":"^"},"type":"ws_msg"}
{"payload":{"local_timestamp":1688721160174,"stderr":true,"stdout":"^"},"type":"ws_msg"}
{"payload":{"local_timestamp":1688721160174,"stderr":true,"stdout":"^"},"type":"ws_msg"}
{"payload":{"local_timestamp":1688721160174,"stderr":true,"stdout":"^"},"type":"ws_msg"}
{"payload":{"local_timestamp":1688721160174,"stderr":true,"stdout":"^"},"type":"ws_msg"}
{"payload":{"local_timestamp":1688721160174,"stderr":true,"stdout":"^"},"type":"ws_msg"}
{"payload":{"local_timestamp":1688721160174,"stderr":true,"stdout":"^"},"type":"ws_msg"}
{"payload":{"local_timestamp":1688721160174,"stderr":true,"stdout":"^"},"type":"ws_msg"}
{"payload":{"local_timestamp":1688721160174,"stderr":true,"stdout":"^"},"type":"ws_msg"}
{"payload":{"local_timestamp":1688721160174,"stderr":true,"stdout":"^"},"type":"ws_msg"}
{"payload":{"local_timestamp":1688721160174,"stderr":true,"stdout":"^"},"type":"ws_msg"}
{"payload":{"local_timestamp":1688721160174,"stderr":true,"stdout":"^"},"type":"ws_msg"}
{"payload":{"local_timestamp":1688721160174,"stderr":true,"stdout":"^"},"type":"ws_msg"}
{"payload":{"local_timestamp":1688721160174,"stderr":true,"stdout":"^"},"type":"ws_msg"}
{"payload":{"local_timestamp":1688721160174,"stderr":true,"stdout":"^"},"type":"ws_msg"}
{"payload":{"local_timestamp":1688721160174,"stderr":true,"stdout":"^"},"type":"ws_msg"}
{"payload":{"local_timestamp":1688721160176,"stderr":true,"stdout":"\n"},"type":"ws_msg"}
{"payload":{"local_timestamp":1688721160177,"stderr":true,"stdout":"  File \"C:\\Code\\CodeProjects\\pantry_pal\\yolov5\\models\\yolo.py\", line 209, in forward\n"},"type":"ws_msg"}
{"payload":{"local_timestamp":1688721160178,"stderr":true,"stdout":"    "},"type":"ws_msg"}
{"payload":{"local_timestamp":1688721160178,"stderr":true,"stdout":"return self._forward_once(x, profile, visualize)  # single-scale inference, train"},"type":"ws_msg"}
{"payload":{"local_timestamp":1688721160178,"stderr":true,"stdout":"\n"},"type":"ws_msg"}
{"payload":{"local_timestamp":1688721160178,"stderr":true,"stdout":" "},"type":"ws_msg"}
{"payload":{"local_timestamp":1688721160178,"stderr":true,"stdout":" "},"type":"ws_msg"}
{"payload":{"local_timestamp":1688721160178,"stderr":true,"stdout":" "},"type":"ws_msg"}
{"payload":{"local_timestamp":1688721160178,"stderr":true,"stdout":" "},"type":"ws_msg"}
{"payload":{"local_timestamp":1688721160178,"stderr":true,"stdout":" "},"type":"ws_msg"}
{"payload":{"local_timestamp":1688721160178,"stderr":true,"stdout":" "},"type":"ws_msg"}
{"payload":{"local_timestamp":1688721160178,"stderr":true,"stdout":" "},"type":"ws_msg"}
{"payload":{"local_timestamp":1688721160178,"stderr":true,"stdout":" "},"type":"ws_msg"}
{"payload":{"local_timestamp":1688721160178,"stderr":true,"stdout":" "},"type":"ws_msg"}
{"payload":{"local_timestamp":1688721160178,"stderr":true,"stdout":" "},"type":"ws_msg"}
{"payload":{"local_timestamp":1688721160178,"stderr":true,"stdout":" "},"type":"ws_msg"}
{"payload":{"local_timestamp":1688721160178,"stderr":true,"stdout":"^"},"type":"ws_msg"}
{"payload":{"local_timestamp":1688721160178,"stderr":true,"stdout":"^"},"type":"ws_msg"}
{"payload":{"local_timestamp":1688721160178,"stderr":true,"stdout":"^"},"type":"ws_msg"}
{"payload":{"local_timestamp":1688721160178,"stderr":true,"stdout":"^"},"type":"ws_msg"}
{"payload":{"local_timestamp":1688721160178,"stderr":true,"stdout":"^"},"type":"ws_msg"}
{"payload":{"local_timestamp":1688721160178,"stderr":true,"stdout":"^"},"type":"ws_msg"}
{"payload":{"local_timestamp":1688721160178,"stderr":true,"stdout":"^"},"type":"ws_msg"}
{"payload":{"local_timestamp":1688721160178,"stderr":true,"stdout":"^"},"type":"ws_msg"}
{"payload":{"local_timestamp":1688721160178,"stderr":true,"stdout":"^"},"type":"ws_msg"}
{"payload":{"local_timestamp":1688721160178,"stderr":true,"stdout":"^"},"type":"ws_msg"}
{"payload":{"local_timestamp":1688721160178,"stderr":true,"stdout":"^"},"type":"ws_msg"}
{"payload":{"local_timestamp":1688721160178,"stderr":true,"stdout":"^"},"type":"ws_msg"}
{"payload":{"local_timestamp":1688721160178,"stderr":true,"stdout":"^"},"type":"ws_msg"}
{"payload":{"local_timestamp":1688721160178,"stderr":true,"stdout":"^"},"type":"ws_msg"}
{"payload":{"local_timestamp":1688721160178,"stderr":true,"stdout":"^"},"type":"ws_msg"}
{"payload":{"local_timestamp":1688721160178,"stderr":true,"stdout":"^"},"type":"ws_msg"}
{"payload":{"local_timestamp":1688721160178,"stderr":true,"stdout":"^"},"type":"ws_msg"}
{"payload":{"local_timestamp":1688721160178,"stderr":true,"stdout":"^"},"type":"ws_msg"}
{"payload":{"local_timestamp":1688721160178,"stderr":true,"stdout":"^"},"type":"ws_msg"}
{"payload":{"local_timestamp":1688721160178,"stderr":true,"stdout":"^"},"type":"ws_msg"}
{"payload":{"local_timestamp":1688721160178,"stderr":true,"stdout":"^"},"type":"ws_msg"}
{"payload":{"local_timestamp":1688721160178,"stderr":true,"stdout":"^"},"type":"ws_msg"}
{"payload":{"local_timestamp":1688721160178,"stderr":true,"stdout":"^"},"type":"ws_msg"}
{"payload":{"local_timestamp":1688721160178,"stderr":true,"stdout":"^"},"type":"ws_msg"}
{"payload":{"local_timestamp":1688721160178,"stderr":true,"stdout":"^"},"type":"ws_msg"}
{"payload":{"local_timestamp":1688721160178,"stderr":true,"stdout":"^"},"type":"ws_msg"}
{"payload":{"local_timestamp":1688721160178,"stderr":true,"stdout":"^"},"type":"ws_msg"}
{"payload":{"local_timestamp":1688721160178,"stderr":true,"stdout":"^"},"type":"ws_msg"}
{"payload":{"local_timestamp":1688721160178,"stderr":true,"stdout":"^"},"type":"ws_msg"}
{"payload":{"local_timestamp":1688721160178,"stderr":true,"stdout":"^"},"type":"ws_msg"}
{"payload":{"local_timestamp":1688721160178,"stderr":true,"stdout":"^"},"type":"ws_msg"}
{"payload":{"local_timestamp":1688721160178,"stderr":true,"stdout":"^"},"type":"ws_msg"}
{"payload":{"local_timestamp":1688721160178,"stderr":true,"stdout":"^"},"type":"ws_msg"}
{"payload":{"local_timestamp":1688721160178,"stderr":true,"stdout":"^"},"type":"ws_msg"}
{"payload":{"local_timestamp":1688721160178,"stderr":true,"stdout":"^"},"type":"ws_msg"}
{"payload":{"local_timestamp":1688721160178,"stderr":true,"stdout":"^"},"type":"ws_msg"}
{"payload":{"local_timestamp":1688721160179,"stderr":true,"stdout":"^"},"type":"ws_msg"}
{"payload":{"local_timestamp":1688721160180,"stderr":true,"stdout":"^"},"type":"ws_msg"}
{"payload":{"local_timestamp":1688721160180,"stderr":true,"stdout":"^"},"type":"ws_msg"}
{"payload":{"local_timestamp":1688721160180,"stderr":true,"stdout":"^"},"type":"ws_msg"}
{"payload":{"local_timestamp":1688721160180,"stderr":true,"stdout":"^"},"type":"ws_msg"}
{"payload":{"local_timestamp":1688721160180,"stderr":true,"stdout":"\n"},"type":"ws_msg"}
{"payload":{"local_timestamp":1688721160181,"stderr":true,"stdout":"  File \"C:\\Code\\CodeProjects\\pantry_pal\\yolov5\\models\\yolo.py\", line 121, in _forward_once\n"},"type":"ws_msg"}
{"payload":{"local_timestamp":1688721160181,"stderr":true,"stdout":"    "},"type":"ws_msg"}
{"payload":{"local_timestamp":1688721160181,"stderr":true,"stdout":"x = m(x)  # run"},"type":"ws_msg"}
{"payload":{"local_timestamp":1688721160181,"stderr":true,"stdout":"\n"},"type":"ws_msg"}
{"payload":{"local_timestamp":1688721160181,"stderr":true,"stdout":" "},"type":"ws_msg"}
{"payload":{"local_timestamp":1688721160182,"stderr":true,"stdout":" "},"type":"ws_msg"}
{"payload":{"local_timestamp":1688721160182,"stderr":true,"stdout":" "},"type":"ws_msg"}
{"payload":{"local_timestamp":1688721160182,"stderr":true,"stdout":" "},"type":"ws_msg"}
{"payload":{"local_timestamp":1688721160182,"stderr":true,"stdout":" "},"type":"ws_msg"}
{"payload":{"local_timestamp":1688721160182,"stderr":true,"stdout":" "},"type":"ws_msg"}
{"payload":{"local_timestamp":1688721160182,"stderr":true,"stdout":" "},"type":"ws_msg"}
{"payload":{"local_timestamp":1688721160182,"stderr":true,"stdout":" "},"type":"ws_msg"}
{"payload":{"local_timestamp":1688721160182,"stderr":true,"stdout":"^"},"type":"ws_msg"}
{"payload":{"local_timestamp":1688721160182,"stderr":true,"stdout":"^"},"type":"ws_msg"}
{"payload":{"local_timestamp":1688721160182,"stderr":true,"stdout":"^"},"type":"ws_msg"}
{"payload":{"local_timestamp":1688721160182,"stderr":true,"stdout":"^"},"type":"ws_msg"}
{"payload":{"local_timestamp":1688721160182,"stderr":true,"stdout":"\n"},"type":"ws_msg"}
{"payload":{"local_timestamp":1688721160182,"stderr":true,"stdout":"  File \"C:\\Code\\Python\\PythonVirtualEnvironments\\PantryPal\\Lib\\site-packages\\torch\\nn\\modules\\module.py\", line 1501, in _call_impl\n"},"type":"ws_msg"}
{"payload":{"local_timestamp":1688721160183,"stderr":true,"stdout":"    "},"type":"ws_msg"}
{"payload":{"local_timestamp":1688721160183,"stderr":true,"stdout":"return forward_call(*args, **kwargs)"},"type":"ws_msg"}
{"payload":{"local_timestamp":1688721160183,"stderr":true,"stdout":"\n"},"type":"ws_msg"}
{"payload":{"local_timestamp":1688721160183,"stderr":true,"stdout":" "},"type":"ws_msg"}
{"payload":{"local_timestamp":1688721160183,"stderr":true,"stdout":" "},"type":"ws_msg"}
{"payload":{"local_timestamp":1688721160183,"stderr":true,"stdout":" "},"type":"ws_msg"}
{"payload":{"local_timestamp":1688721160183,"stderr":true,"stdout":" "},"type":"ws_msg"}
{"payload":{"local_timestamp":1688721160183,"stderr":true,"stdout":" "},"type":"ws_msg"}
{"payload":{"local_timestamp":1688721160183,"stderr":true,"stdout":" "},"type":"ws_msg"}
{"payload":{"local_timestamp":1688721160184,"stderr":true,"stdout":" "},"type":"ws_msg"}
{"payload":{"local_timestamp":1688721160184,"stderr":true,"stdout":" "},"type":"ws_msg"}
{"payload":{"local_timestamp":1688721160184,"stderr":true,"stdout":" "},"type":"ws_msg"}
{"payload":{"local_timestamp":1688721160184,"stderr":true,"stdout":" "},"type":"ws_msg"}
{"payload":{"local_timestamp":1688721160184,"stderr":true,"stdout":" "},"type":"ws_msg"}
{"payload":{"local_timestamp":1688721160184,"stderr":true,"stdout":"^"},"type":"ws_msg"}
{"payload":{"local_timestamp":1688721160184,"stderr":true,"stdout":"^"},"type":"ws_msg"}
{"payload":{"local_timestamp":1688721160184,"stderr":true,"stdout":"^"},"type":"ws_msg"}
{"payload":{"local_timestamp":1688721160184,"stderr":true,"stdout":"^"},"type":"ws_msg"}
{"payload":{"local_timestamp":1688721160184,"stderr":true,"stdout":"^"},"type":"ws_msg"}
{"payload":{"local_timestamp":1688721160184,"stderr":true,"stdout":"^"},"type":"ws_msg"}
{"payload":{"local_timestamp":1688721160184,"stderr":true,"stdout":"^"},"type":"ws_msg"}
{"payload":{"local_timestamp":1688721160184,"stderr":true,"stdout":"^"},"type":"ws_msg"}
{"payload":{"local_timestamp":1688721160184,"stderr":true,"stdout":"^"},"type":"ws_msg"}
{"payload":{"local_timestamp":1688721160184,"stderr":true,"stdout":"^"},"type":"ws_msg"}
{"payload":{"local_timestamp":1688721160184,"stderr":true,"stdout":"^"},"type":"ws_msg"}
{"payload":{"local_timestamp":1688721160184,"stderr":true,"stdout":"^"},"type":"ws_msg"}
{"payload":{"local_timestamp":1688721160184,"stderr":true,"stdout":"^"},"type":"ws_msg"}
{"payload":{"local_timestamp":1688721160184,"stderr":true,"stdout":"^"},"type":"ws_msg"}
{"payload":{"local_timestamp":1688721160184,"stderr":true,"stdout":"^"},"type":"ws_msg"}
{"payload":{"local_timestamp":1688721160184,"stderr":true,"stdout":"^"},"type":"ws_msg"}
{"payload":{"local_timestamp":1688721160184,"stderr":true,"stdout":"^"},"type":"ws_msg"}
{"payload":{"local_timestamp":1688721160184,"stderr":true,"stdout":"^"},"type":"ws_msg"}
{"payload":{"local_timestamp":1688721160184,"stderr":true,"stdout":"^"},"type":"ws_msg"}
{"payload":{"local_timestamp":1688721160184,"stderr":true,"stdout":"^"},"type":"ws_msg"}
{"payload":{"local_timestamp":1688721160184,"stderr":true,"stdout":"^"},"type":"ws_msg"}
{"payload":{"local_timestamp":1688721160184,"stderr":true,"stdout":"^"},"type":"ws_msg"}
{"payload":{"local_timestamp":1688721160184,"stderr":true,"stdout":"^"},"type":"ws_msg"}
{"payload":{"local_timestamp":1688721160184,"stderr":true,"stdout":"^"},"type":"ws_msg"}
{"payload":{"local_timestamp":1688721160184,"stderr":true,"stdout":"^"},"type":"ws_msg"}
{"payload":{"local_timestamp":1688721160184,"stderr":true,"stdout":"^"},"type":"ws_msg"}
{"payload":{"local_timestamp":1688721160184,"stderr":true,"stdout":"^"},"type":"ws_msg"}
{"payload":{"local_timestamp":1688721160184,"stderr":true,"stdout":"^"},"type":"ws_msg"}
{"payload":{"local_timestamp":1688721160184,"stderr":true,"stdout":"^"},"type":"ws_msg"}
{"payload":{"local_timestamp":1688721160184,"stderr":true,"stdout":"\n"},"type":"ws_msg"}
{"payload":{"local_timestamp":1688721160184,"stderr":true,"stdout":"  File \"C:\\Code\\CodeProjects\\pantry_pal\\yolov5\\models\\common.py\", line 167, in forward\n"},"type":"ws_msg"}
{"payload":{"local_timestamp":1688721160185,"stderr":true,"stdout":"    "},"type":"ws_msg"}
{"payload":{"local_timestamp":1688721160185,"stderr":true,"stdout":"return self.cv3(torch.cat((self.m(self.cv1(x)), self.cv2(x)), 1))"},"type":"ws_msg"}
{"payload":{"local_timestamp":1688721160186,"stderr":true,"stdout":"\n"},"type":"ws_msg"}
{"payload":{"local_timestamp":1688721160186,"stderr":true,"stdout":" "},"type":"ws_msg"}
{"payload":{"local_timestamp":1688721160186,"stderr":true,"stdout":" "},"type":"ws_msg"}
{"payload":{"local_timestamp":1688721160186,"stderr":true,"stdout":" "},"type":"ws_msg"}
{"payload":{"local_timestamp":1688721160186,"stderr":true,"stdout":" "},"type":"ws_msg"}
{"payload":{"local_timestamp":1688721160186,"stderr":true,"stdout":" "},"type":"ws_msg"}
{"payload":{"local_timestamp":1688721160186,"stderr":true,"stdout":" "},"type":"ws_msg"}
{"payload":{"local_timestamp":1688721160186,"stderr":true,"stdout":" "},"type":"ws_msg"}
{"payload":{"local_timestamp":1688721160186,"stderr":true,"stdout":" "},"type":"ws_msg"}
{"payload":{"local_timestamp":1688721160186,"stderr":true,"stdout":" "},"type":"ws_msg"}
{"payload":{"local_timestamp":1688721160186,"stderr":true,"stdout":" "},"type":"ws_msg"}
{"payload":{"local_timestamp":1688721160186,"stderr":true,"stdout":" "},"type":"ws_msg"}
{"payload":{"local_timestamp":1688721160186,"stderr":true,"stdout":" "},"type":"ws_msg"}
{"payload":{"local_timestamp":1688721160186,"stderr":true,"stdout":" "},"type":"ws_msg"}
{"payload":{"local_timestamp":1688721160186,"stderr":true,"stdout":" "},"type":"ws_msg"}
{"payload":{"local_timestamp":1688721160186,"stderr":true,"stdout":" "},"type":"ws_msg"}
{"payload":{"local_timestamp":1688721160186,"stderr":true,"stdout":" "},"type":"ws_msg"}
{"payload":{"local_timestamp":1688721160186,"stderr":true,"stdout":" "},"type":"ws_msg"}
{"payload":{"local_timestamp":1688721160186,"stderr":true,"stdout":" "},"type":"ws_msg"}
{"payload":{"local_timestamp":1688721160186,"stderr":true,"stdout":" "},"type":"ws_msg"}
{"payload":{"local_timestamp":1688721160186,"stderr":true,"stdout":" "},"type":"ws_msg"}
{"payload":{"local_timestamp":1688721160186,"stderr":true,"stdout":" "},"type":"ws_msg"}
{"payload":{"local_timestamp":1688721160186,"stderr":true,"stdout":" "},"type":"ws_msg"}
{"payload":{"local_timestamp":1688721160186,"stderr":true,"stdout":" "},"type":"ws_msg"}
{"payload":{"local_timestamp":1688721160186,"stderr":true,"stdout":" "},"type":"ws_msg"}
{"payload":{"local_timestamp":1688721160186,"stderr":true,"stdout":" "},"type":"ws_msg"}
{"payload":{"local_timestamp":1688721160186,"stderr":true,"stdout":" "},"type":"ws_msg"}
{"payload":{"local_timestamp":1688721160186,"stderr":true,"stdout":" "},"type":"ws_msg"}
{"payload":{"local_timestamp":1688721160186,"stderr":true,"stdout":" "},"type":"ws_msg"}
{"payload":{"local_timestamp":1688721160186,"stderr":true,"stdout":" "},"type":"ws_msg"}
{"payload":{"local_timestamp":1688721160186,"stderr":true,"stdout":" "},"type":"ws_msg"}
{"payload":{"local_timestamp":1688721160186,"stderr":true,"stdout":" "},"type":"ws_msg"}
{"payload":{"local_timestamp":1688721160186,"stderr":true,"stdout":"^"},"type":"ws_msg"}
{"payload":{"local_timestamp":1688721160186,"stderr":true,"stdout":"^"},"type":"ws_msg"}
{"payload":{"local_timestamp":1688721160186,"stderr":true,"stdout":"^"},"type":"ws_msg"}
{"payload":{"local_timestamp":1688721160186,"stderr":true,"stdout":"^"},"type":"ws_msg"}
{"payload":{"local_timestamp":1688721160186,"stderr":true,"stdout":"^"},"type":"ws_msg"}
{"payload":{"local_timestamp":1688721160186,"stderr":true,"stdout":"^"},"type":"ws_msg"}
{"payload":{"local_timestamp":1688721160186,"stderr":true,"stdout":"^"},"type":"ws_msg"}
{"payload":{"local_timestamp":1688721160186,"stderr":true,"stdout":"^"},"type":"ws_msg"}
{"payload":{"local_timestamp":1688721160186,"stderr":true,"stdout":"^"},"type":"ws_msg"}
{"payload":{"local_timestamp":1688721160186,"stderr":true,"stdout":"^"},"type":"ws_msg"}
{"payload":{"local_timestamp":1688721160186,"stderr":true,"stdout":"^"},"type":"ws_msg"}
{"payload":{"local_timestamp":1688721160186,"stderr":true,"stdout":"^"},"type":"ws_msg"}
{"payload":{"local_timestamp":1688721160186,"stderr":true,"stdout":"^"},"type":"ws_msg"}
{"payload":{"local_timestamp":1688721160186,"stderr":true,"stdout":"^"},"type":"ws_msg"}
{"payload":{"local_timestamp":1688721160186,"stderr":true,"stdout":"^"},"type":"ws_msg"}
{"payload":{"local_timestamp":1688721160186,"stderr":true,"stdout":"^"},"type":"ws_msg"}
{"payload":{"local_timestamp":1688721160186,"stderr":true,"stdout":"^"},"type":"ws_msg"}
{"payload":{"local_timestamp":1688721160186,"stderr":true,"stdout":"^"},"type":"ws_msg"}
{"payload":{"local_timestamp":1688721160186,"stderr":true,"stdout":"^"},"type":"ws_msg"}
{"payload":{"local_timestamp":1688721160186,"stderr":true,"stdout":"\n"},"type":"ws_msg"}
{"payload":{"local_timestamp":1688721160187,"stderr":true,"stdout":"  File \"C:\\Code\\Python\\PythonVirtualEnvironments\\PantryPal\\Lib\\site-packages\\torch\\nn\\modules\\module.py\", line 1501, in _call_impl\n"},"type":"ws_msg"}
{"payload":{"local_timestamp":1688721160188,"stderr":true,"stdout":"    "},"type":"ws_msg"}
{"payload":{"local_timestamp":1688721160188,"stderr":true,"stdout":"return forward_call(*args, **kwargs)"},"type":"ws_msg"}
{"payload":{"local_timestamp":1688721160188,"stderr":true,"stdout":"\n"},"type":"ws_msg"}
{"payload":{"local_timestamp":1688721160188,"stderr":true,"stdout":" "},"type":"ws_msg"}
{"payload":{"local_timestamp":1688721160188,"stderr":true,"stdout":" "},"type":"ws_msg"}
{"payload":{"local_timestamp":1688721160188,"stderr":true,"stdout":" "},"type":"ws_msg"}
{"payload":{"local_timestamp":1688721160188,"stderr":true,"stdout":" "},"type":"ws_msg"}
{"payload":{"local_timestamp":1688721160188,"stderr":true,"stdout":" "},"type":"ws_msg"}
{"payload":{"local_timestamp":1688721160188,"stderr":true,"stdout":" "},"type":"ws_msg"}
{"payload":{"local_timestamp":1688721160188,"stderr":true,"stdout":" "},"type":"ws_msg"}
{"payload":{"local_timestamp":1688721160188,"stderr":true,"stdout":" "},"type":"ws_msg"}
{"payload":{"local_timestamp":1688721160188,"stderr":true,"stdout":" "},"type":"ws_msg"}
{"payload":{"local_timestamp":1688721160188,"stderr":true,"stdout":" "},"type":"ws_msg"}
{"payload":{"local_timestamp":1688721160188,"stderr":true,"stdout":" "},"type":"ws_msg"}
{"payload":{"local_timestamp":1688721160188,"stderr":true,"stdout":"^"},"type":"ws_msg"}
{"payload":{"local_timestamp":1688721160188,"stderr":true,"stdout":"^"},"type":"ws_msg"}
{"payload":{"local_timestamp":1688721160188,"stderr":true,"stdout":"^"},"type":"ws_msg"}
{"payload":{"local_timestamp":1688721160188,"stderr":true,"stdout":"^"},"type":"ws_msg"}
{"payload":{"local_timestamp":1688721160188,"stderr":true,"stdout":"^"},"type":"ws_msg"}
{"payload":{"local_timestamp":1688721160188,"stderr":true,"stdout":"^"},"type":"ws_msg"}
{"payload":{"local_timestamp":1688721160188,"stderr":true,"stdout":"^"},"type":"ws_msg"}
{"payload":{"local_timestamp":1688721160188,"stderr":true,"stdout":"^"},"type":"ws_msg"}
{"payload":{"local_timestamp":1688721160188,"stderr":true,"stdout":"^"},"type":"ws_msg"}
{"payload":{"local_timestamp":1688721160188,"stderr":true,"stdout":"^"},"type":"ws_msg"}
{"payload":{"local_timestamp":1688721160188,"stderr":true,"stdout":"^"},"type":"ws_msg"}
{"payload":{"local_timestamp":1688721160188,"stderr":true,"stdout":"^"},"type":"ws_msg"}
{"payload":{"local_timestamp":1688721160188,"stderr":true,"stdout":"^"},"type":"ws_msg"}
{"payload":{"local_timestamp":1688721160188,"stderr":true,"stdout":"^"},"type":"ws_msg"}
{"payload":{"local_timestamp":1688721160188,"stderr":true,"stdout":"^"},"type":"ws_msg"}
{"payload":{"local_timestamp":1688721160188,"stderr":true,"stdout":"^"},"type":"ws_msg"}
{"payload":{"local_timestamp":1688721160188,"stderr":true,"stdout":"^"},"type":"ws_msg"}
{"payload":{"local_timestamp":1688721160188,"stderr":true,"stdout":"^"},"type":"ws_msg"}
{"payload":{"local_timestamp":1688721160188,"stderr":true,"stdout":"^"},"type":"ws_msg"}
{"payload":{"local_timestamp":1688721160188,"stderr":true,"stdout":"^"},"type":"ws_msg"}
{"payload":{"local_timestamp":1688721160188,"stderr":true,"stdout":"^"},"type":"ws_msg"}
{"payload":{"local_timestamp":1688721160188,"stderr":true,"stdout":"^"},"type":"ws_msg"}
{"payload":{"local_timestamp":1688721160188,"stderr":true,"stdout":"^"},"type":"ws_msg"}
{"payload":{"local_timestamp":1688721160188,"stderr":true,"stdout":"^"},"type":"ws_msg"}
{"payload":{"local_timestamp":1688721160188,"stderr":true,"stdout":"^"},"type":"ws_msg"}
{"payload":{"local_timestamp":1688721160188,"stderr":true,"stdout":"^"},"type":"ws_msg"}
{"payload":{"local_timestamp":1688721160188,"stderr":true,"stdout":"^"},"type":"ws_msg"}
{"payload":{"local_timestamp":1688721160188,"stderr":true,"stdout":"^"},"type":"ws_msg"}
{"payload":{"local_timestamp":1688721160188,"stderr":true,"stdout":"^"},"type":"ws_msg"}
{"payload":{"local_timestamp":1688721160188,"stderr":true,"stdout":"\n"},"type":"ws_msg"}
{"payload":{"local_timestamp":1688721160189,"stderr":true,"stdout":"  File \"C:\\Code\\Python\\PythonVirtualEnvironments\\PantryPal\\Lib\\site-packages\\torch\\nn\\modules\\container.py\", line 217, in forward\n"},"type":"ws_msg"}
{"payload":{"local_timestamp":1688721160204,"stderr":true,"stdout":"    "},"type":"ws_msg"}
{"payload":{"local_timestamp":1688721160205,"stderr":true,"stdout":"input = module(input)"},"type":"ws_msg"}
{"payload":{"local_timestamp":1688721160205,"stderr":true,"stdout":"\n"},"type":"ws_msg"}
{"payload":{"local_timestamp":1688721160205,"stderr":true,"stdout":" "},"type":"ws_msg"}
{"payload":{"local_timestamp":1688721160205,"stderr":true,"stdout":" "},"type":"ws_msg"}
{"payload":{"local_timestamp":1688721160205,"stderr":true,"stdout":" "},"type":"ws_msg"}
{"payload":{"local_timestamp":1688721160205,"stderr":true,"stdout":" "},"type":"ws_msg"}
{"payload":{"local_timestamp":1688721160205,"stderr":true,"stdout":" "},"type":"ws_msg"}
{"payload":{"local_timestamp":1688721160205,"stderr":true,"stdout":" "},"type":"ws_msg"}
{"payload":{"local_timestamp":1688721160205,"stderr":true,"stdout":" "},"type":"ws_msg"}
{"payload":{"local_timestamp":1688721160205,"stderr":true,"stdout":" "},"type":"ws_msg"}
{"payload":{"local_timestamp":1688721160205,"stderr":true,"stdout":" "},"type":"ws_msg"}
{"payload":{"local_timestamp":1688721160205,"stderr":true,"stdout":" "},"type":"ws_msg"}
{"payload":{"local_timestamp":1688721160205,"stderr":true,"stdout":" "},"type":"ws_msg"}
{"payload":{"local_timestamp":1688721160205,"stderr":true,"stdout":" "},"type":"ws_msg"}
{"payload":{"local_timestamp":1688721160205,"stderr":true,"stdout":"^"},"type":"ws_msg"}
{"payload":{"local_timestamp":1688721160205,"stderr":true,"stdout":"^"},"type":"ws_msg"}
{"payload":{"local_timestamp":1688721160205,"stderr":true,"stdout":"^"},"type":"ws_msg"}
{"payload":{"local_timestamp":1688721160205,"stderr":true,"stdout":"^"},"type":"ws_msg"}
{"payload":{"local_timestamp":1688721160205,"stderr":true,"stdout":"^"},"type":"ws_msg"}
{"payload":{"local_timestamp":1688721160205,"stderr":true,"stdout":"^"},"type":"ws_msg"}
{"payload":{"local_timestamp":1688721160205,"stderr":true,"stdout":"^"},"type":"ws_msg"}
{"payload":{"local_timestamp":1688721160205,"stderr":true,"stdout":"^"},"type":"ws_msg"}
{"payload":{"local_timestamp":1688721160205,"stderr":true,"stdout":"^"},"type":"ws_msg"}
{"payload":{"local_timestamp":1688721160205,"stderr":true,"stdout":"^"},"type":"ws_msg"}
{"payload":{"local_timestamp":1688721160205,"stderr":true,"stdout":"^"},"type":"ws_msg"}
{"payload":{"local_timestamp":1688721160205,"stderr":true,"stdout":"^"},"type":"ws_msg"}
{"payload":{"local_timestamp":1688721160205,"stderr":true,"stdout":"^"},"type":"ws_msg"}
{"payload":{"local_timestamp":1688721160208,"stderr":true,"stdout":"\n"},"type":"ws_msg"}
{"payload":{"local_timestamp":1688721160208,"stderr":true,"stdout":"  File \"C:\\Code\\Python\\PythonVirtualEnvironments\\PantryPal\\Lib\\site-packages\\torch\\nn\\modules\\module.py\", line 1501, in _call_impl\n"},"type":"ws_msg"}
{"payload":{"local_timestamp":1688721160209,"stderr":true,"stdout":"    "},"type":"ws_msg"}
{"payload":{"local_timestamp":1688721160209,"stderr":true,"stdout":"return forward_call(*args, **kwargs)"},"type":"ws_msg"}
{"payload":{"local_timestamp":1688721160209,"stderr":true,"stdout":"\n"},"type":"ws_msg"}
{"payload":{"local_timestamp":1688721160209,"stderr":true,"stdout":" "},"type":"ws_msg"}
{"payload":{"local_timestamp":1688721160209,"stderr":true,"stdout":" "},"type":"ws_msg"}
{"payload":{"local_timestamp":1688721160209,"stderr":true,"stdout":" "},"type":"ws_msg"}
{"payload":{"local_timestamp":1688721160209,"stderr":true,"stdout":" "},"type":"ws_msg"}
{"payload":{"local_timestamp":1688721160209,"stderr":true,"stdout":" "},"type":"ws_msg"}
{"payload":{"local_timestamp":1688721160209,"stderr":true,"stdout":" "},"type":"ws_msg"}
{"payload":{"local_timestamp":1688721160209,"stderr":true,"stdout":" "},"type":"ws_msg"}
{"payload":{"local_timestamp":1688721160209,"stderr":true,"stdout":" "},"type":"ws_msg"}
{"payload":{"local_timestamp":1688721160209,"stderr":true,"stdout":" "},"type":"ws_msg"}
{"payload":{"local_timestamp":1688721160209,"stderr":true,"stdout":" "},"type":"ws_msg"}
{"payload":{"local_timestamp":1688721160209,"stderr":true,"stdout":" "},"type":"ws_msg"}
{"payload":{"local_timestamp":1688721160209,"stderr":true,"stdout":"^"},"type":"ws_msg"}
{"payload":{"local_timestamp":1688721160209,"stderr":true,"stdout":"^"},"type":"ws_msg"}
{"payload":{"local_timestamp":1688721160209,"stderr":true,"stdout":"^"},"type":"ws_msg"}
{"payload":{"local_timestamp":1688721160209,"stderr":true,"stdout":"^"},"type":"ws_msg"}
{"payload":{"local_timestamp":1688721160209,"stderr":true,"stdout":"^"},"type":"ws_msg"}
{"payload":{"local_timestamp":1688721160209,"stderr":true,"stdout":"^"},"type":"ws_msg"}
{"payload":{"local_timestamp":1688721160209,"stderr":true,"stdout":"^"},"type":"ws_msg"}
{"payload":{"local_timestamp":1688721160209,"stderr":true,"stdout":"^"},"type":"ws_msg"}
{"payload":{"local_timestamp":1688721160209,"stderr":true,"stdout":"^"},"type":"ws_msg"}
{"payload":{"local_timestamp":1688721160209,"stderr":true,"stdout":"^"},"type":"ws_msg"}
{"payload":{"local_timestamp":1688721160209,"stderr":true,"stdout":"^"},"type":"ws_msg"}
{"payload":{"local_timestamp":1688721160209,"stderr":true,"stdout":"^"},"type":"ws_msg"}
{"payload":{"local_timestamp":1688721160209,"stderr":true,"stdout":"^"},"type":"ws_msg"}
{"payload":{"local_timestamp":1688721160209,"stderr":true,"stdout":"^"},"type":"ws_msg"}
{"payload":{"local_timestamp":1688721160209,"stderr":true,"stdout":"^"},"type":"ws_msg"}
{"payload":{"local_timestamp":1688721160209,"stderr":true,"stdout":"^"},"type":"ws_msg"}
{"payload":{"local_timestamp":1688721160209,"stderr":true,"stdout":"^"},"type":"ws_msg"}
{"payload":{"local_timestamp":1688721160209,"stderr":true,"stdout":"^"},"type":"ws_msg"}
{"payload":{"local_timestamp":1688721160209,"stderr":true,"stdout":"^"},"type":"ws_msg"}
{"payload":{"local_timestamp":1688721160209,"stderr":true,"stdout":"^"},"type":"ws_msg"}
{"payload":{"local_timestamp":1688721160209,"stderr":true,"stdout":"^"},"type":"ws_msg"}
{"payload":{"local_timestamp":1688721160209,"stderr":true,"stdout":"^"},"type":"ws_msg"}
{"payload":{"local_timestamp":1688721160209,"stderr":true,"stdout":"^"},"type":"ws_msg"}
{"payload":{"local_timestamp":1688721160209,"stderr":true,"stdout":"^"},"type":"ws_msg"}
{"payload":{"local_timestamp":1688721160209,"stderr":true,"stdout":"^"},"type":"ws_msg"}
{"payload":{"local_timestamp":1688721160209,"stderr":true,"stdout":"^"},"type":"ws_msg"}
{"payload":{"local_timestamp":1688721160209,"stderr":true,"stdout":"^"},"type":"ws_msg"}
{"payload":{"local_timestamp":1688721160210,"stderr":true,"stdout":"^"},"type":"ws_msg"}
{"payload":{"local_timestamp":1688721160210,"stderr":true,"stdout":"^"},"type":"ws_msg"}
{"payload":{"local_timestamp":1688721160210,"stderr":true,"stdout":"\n"},"type":"ws_msg"}
{"payload":{"local_timestamp":1688721160210,"stderr":true,"stdout":"  File \"C:\\Code\\CodeProjects\\pantry_pal\\yolov5\\models\\common.py\", line 120, in forward\n"},"type":"ws_msg"}
{"payload":{"local_timestamp":1688721160211,"stderr":true,"stdout":"    "},"type":"ws_msg"}
{"payload":{"local_timestamp":1688721160211,"stderr":true,"stdout":"return x + self.cv2(self.cv1(x)) if self.add else self.cv2(self.cv1(x))"},"type":"ws_msg"}
{"payload":{"local_timestamp":1688721160211,"stderr":true,"stdout":"\n"},"type":"ws_msg"}
{"payload":{"local_timestamp":1688721160211,"stderr":true,"stdout":" "},"type":"ws_msg"}
{"payload":{"local_timestamp":1688721160211,"stderr":true,"stdout":" "},"type":"ws_msg"}
{"payload":{"local_timestamp":1688721160211,"stderr":true,"stdout":" "},"type":"ws_msg"}
{"payload":{"local_timestamp":1688721160211,"stderr":true,"stdout":" "},"type":"ws_msg"}
{"payload":{"local_timestamp":1688721160211,"stderr":true,"stdout":" "},"type":"ws_msg"}
{"payload":{"local_timestamp":1688721160211,"stderr":true,"stdout":" "},"type":"ws_msg"}
{"payload":{"local_timestamp":1688721160211,"stderr":true,"stdout":" "},"type":"ws_msg"}
{"payload":{"local_timestamp":1688721160211,"stderr":true,"stdout":" "},"type":"ws_msg"}
{"payload":{"local_timestamp":1688721160211,"stderr":true,"stdout":" "},"type":"ws_msg"}
{"payload":{"local_timestamp":1688721160211,"stderr":true,"stdout":" "},"type":"ws_msg"}
{"payload":{"local_timestamp":1688721160211,"stderr":true,"stdout":" "},"type":"ws_msg"}
{"payload":{"local_timestamp":1688721160212,"stderr":true,"stdout":"~"},"type":"ws_msg"}
{"payload":{"local_timestamp":1688721160212,"stderr":true,"stdout":"~"},"type":"ws_msg"}
{"payload":{"local_timestamp":1688721160212,"stderr":true,"stdout":"^"},"type":"ws_msg"}
{"payload":{"local_timestamp":1688721160212,"stderr":true,"stdout":"~"},"type":"ws_msg"}
{"payload":{"local_timestamp":1688721160212,"stderr":true,"stdout":"~"},"type":"ws_msg"}
{"payload":{"local_timestamp":1688721160212,"stderr":true,"stdout":"~"},"type":"ws_msg"}
{"payload":{"local_timestamp":1688721160212,"stderr":true,"stdout":"~"},"type":"ws_msg"}
{"payload":{"local_timestamp":1688721160212,"stderr":true,"stdout":"~"},"type":"ws_msg"}
{"payload":{"local_timestamp":1688721160212,"stderr":true,"stdout":"~"},"type":"ws_msg"}
{"payload":{"local_timestamp":1688721160212,"stderr":true,"stdout":"~"},"type":"ws_msg"}
{"payload":{"local_timestamp":1688721160212,"stderr":true,"stdout":"~"},"type":"ws_msg"}
{"payload":{"local_timestamp":1688721160212,"stderr":true,"stdout":"~"},"type":"ws_msg"}
{"payload":{"local_timestamp":1688721160212,"stderr":true,"stdout":"~"},"type":"ws_msg"}
{"payload":{"local_timestamp":1688721160212,"stderr":true,"stdout":"~"},"type":"ws_msg"}
{"payload":{"local_timestamp":1688721160212,"stderr":true,"stdout":"~"},"type":"ws_msg"}
{"payload":{"local_timestamp":1688721160212,"stderr":true,"stdout":"~"},"type":"ws_msg"}
{"payload":{"local_timestamp":1688721160212,"stderr":true,"stdout":"~"},"type":"ws_msg"}
{"payload":{"local_timestamp":1688721160212,"stderr":true,"stdout":"~"},"type":"ws_msg"}
{"payload":{"local_timestamp":1688721160212,"stderr":true,"stdout":"~"},"type":"ws_msg"}
{"payload":{"local_timestamp":1688721160212,"stderr":true,"stdout":"~"},"type":"ws_msg"}
{"payload":{"local_timestamp":1688721160212,"stderr":true,"stdout":"~"},"type":"ws_msg"}
{"payload":{"local_timestamp":1688721160212,"stderr":true,"stdout":"~"},"type":"ws_msg"}
{"payload":{"local_timestamp":1688721160212,"stderr":true,"stdout":"~"},"type":"ws_msg"}
{"payload":{"local_timestamp":1688721160212,"stderr":true,"stdout":"~"},"type":"ws_msg"}
{"payload":{"local_timestamp":1688721160212,"stderr":true,"stdout":"~"},"type":"ws_msg"}
{"payload":{"local_timestamp":1688721160212,"stderr":true,"stdout":"\n"},"type":"ws_msg"}
{"payload":{"local_timestamp":1688721160212,"stderr":true,"stdout":"torch.cuda"},"type":"ws_msg"}
{"payload":{"local_timestamp":1688721160212,"stderr":true,"stdout":"."},"type":"ws_msg"}
{"payload":{"local_timestamp":1688721160212,"stderr":true,"stdout":"OutOfMemoryError"},"type":"ws_msg"}
{"payload":{"local_timestamp":1688721160212,"stderr":true,"stdout":": "},"type":"ws_msg"}
{"payload":{"local_timestamp":1688721160212,"stderr":true,"stdout":"CUDA out of memory. Tried to allocate 122.00 MiB (GPU 0; 8.00 GiB total capacity; 4.78 GiB already allocated; 852.81 MiB free; 4.92 GiB reserved in total by PyTorch) If reserved memory is >> allocated memory try setting max_split_size_mb to avoid fragmentation.  See documentation for Memory Management and PYTORCH_CUDA_ALLOC_CONF"},"type":"ws_msg"}
{"payload":{"local_timestamp":1688721160213,"stderr":true,"stdout":"\n"},"type":"ws_msg"}
{"payload":{"local_timestamp":1688721160219,"stderr":true,"stdout":"COMET INFO: ---------------------------------------------------------------------------------------\n"},"type":"ws_msg"}
{"payload":{"local_timestamp":1688721160224,"stderr":true,"stdout":"COMET INFO: Comet.ml OfflineExperiment Summary\n"},"type":"ws_msg"}
{"payload":{"local_timestamp":1688721160225,"stderr":true,"stdout":"COMET INFO: ---------------------------------------------------------------------------------------\n"},"type":"ws_msg"}
{"payload":{"local_timestamp":1688721160226,"stderr":true,"stdout":"COMET INFO:   Data:\n"},"type":"ws_msg"}
{"payload":{"local_timestamp":1688721160226,"stderr":true,"stdout":"COMET INFO:     display_summary_level : 1\n"},"type":"ws_msg"}
{"payload":{"local_timestamp":1688721160226,"stderr":true,"stdout":"COMET INFO:     url                   : [OfflineExperiment will get URL after upload]\n"},"type":"ws_msg"}
{"payload":{"local_timestamp":1688721160227,"stderr":true,"stdout":"COMET INFO:   Others:\n"},"type":"ws_msg"}
{"payload":{"local_timestamp":1688721160227,"stderr":true,"stdout":"COMET INFO:     Created from                : YOLOv5\n"},"type":"ws_msg"}
{"payload":{"local_timestamp":1688721160228,"stderr":true,"stdout":"COMET INFO:     Name                        : yolo_pantry_pal\n"},"type":"ws_msg"}
{"payload":{"local_timestamp":1688721160229,"stderr":true,"stdout":"COMET INFO:     comet_log_batch_metrics     : False\n"},"type":"ws_msg"}
{"payload":{"local_timestamp":1688721160229,"stderr":true,"stdout":"COMET INFO:     comet_log_confusion_matrix  : True\n"},"type":"ws_msg"}
{"payload":{"local_timestamp":1688721160230,"stderr":true,"stdout":"COMET INFO:     comet_log_per_class_metrics : False\n"},"type":"ws_msg"}
{"payload":{"local_timestamp":1688721160230,"stderr":true,"stdout":"COMET INFO:     comet_max_image_uploads     : 100\n"},"type":"ws_msg"}
{"payload":{"local_timestamp":1688721160231,"stderr":true,"stdout":"COMET INFO:     comet_mode                  : online\n"},"type":"ws_msg"}
{"payload":{"local_timestamp":1688721160231,"stderr":true,"stdout":"COMET INFO:     comet_model_name            : yolov5\n"},"type":"ws_msg"}
{"payload":{"local_timestamp":1688721160232,"stderr":true,"stdout":"COMET INFO:     hasNestedParams             : True\n"},"type":"ws_msg"}
{"payload":{"local_timestamp":1688721160232,"stderr":true,"stdout":"COMET INFO:     offline_experiment          : True\n"},"type":"ws_msg"}
{"payload":{"local_timestamp":1688721160233,"stderr":true,"stdout":"COMET INFO:   Parameters:\n"},"type":"ws_msg"}
{"payload":{"local_timestamp":1688721160233,"stderr":true,"stdout":"COMET INFO:     anchor_t            : 4.0\n"},"type":"ws_msg"}
{"payload":{"local_timestamp":1688721160233,"stderr":true,"stdout":"COMET INFO:     artifact_alias      : latest\n"},"type":"ws_msg"}
{"payload":{"local_timestamp":1688721160234,"stderr":true,"stdout":"COMET INFO:     batch_size          : 32\n"},"type":"ws_msg"}
{"payload":{"local_timestamp":1688721160234,"stderr":true,"stdout":"COMET INFO:     bbox_interval       : -1\n"},"type":"ws_msg"}
{"payload":{"local_timestamp":1688721160235,"stderr":true,"stdout":"COMET INFO:     box                 : 0.05\n"},"type":"ws_msg"}
{"payload":{"local_timestamp":1688721160235,"stderr":true,"stdout":"COMET INFO:     bucket              : \n"},"type":"ws_msg"}
{"payload":{"local_timestamp":1688721160236,"stderr":true,"stdout":"COMET INFO:     cache               : 1\n"},"type":"ws_msg"}
{"payload":{"local_timestamp":1688721160242,"stderr":true,"stdout":"COMET INFO:     cls                 : 0.015000000000000003\n"},"type":"ws_msg"}
{"payload":{"local_timestamp":1688721160242,"stderr":true,"stdout":"COMET INFO:     cls_pw              : 1.0\n"},"type":"ws_msg"}
{"payload":{"local_timestamp":1688721160243,"stderr":true,"stdout":"COMET INFO:     copy_paste          : 0.1\n"},"type":"ws_msg"}
{"payload":{"local_timestamp":1688721160244,"stderr":true,"stdout":"COMET INFO:     cos_lr              : False\n"},"type":"ws_msg"}
{"payload":{"local_timestamp":1688721160244,"stderr":true,"stdout":"COMET INFO:     degrees             : 0.0\n"},"type":"ws_msg"}
{"payload":{"local_timestamp":1688721160245,"stderr":true,"stdout":"COMET INFO:     device              : \n"},"type":"ws_msg"}
{"payload":{"local_timestamp":1688721160246,"stderr":true,"stdout":"COMET INFO:     entity              : 1\n"},"type":"ws_msg"}
{"payload":{"local_timestamp":1688721160246,"stderr":true,"stdout":"COMET INFO:     evolve              : 1\n"},"type":"ws_msg"}
{"payload":{"local_timestamp":1688721160247,"stderr":true,"stdout":"COMET INFO:     exist_ok            : False\n"},"type":"ws_msg"}
{"payload":{"local_timestamp":1688721160247,"stderr":true,"stdout":"COMET INFO:     fl_gamma            : 0.0\n"},"type":"ws_msg"}
{"payload":{"local_timestamp":1688721160248,"stderr":true,"stdout":"COMET INFO:     fliplr              : 0.5\n"},"type":"ws_msg"}
{"payload":{"local_timestamp":1688721160248,"stderr":true,"stdout":"COMET INFO:     flipud              : 0.0\n"},"type":"ws_msg"}
{"payload":{"local_timestamp":1688721160249,"stderr":true,"stdout":"COMET INFO:     freeze              : [0]\n"},"type":"ws_msg"}
{"payload":{"local_timestamp":1688721160249,"stderr":true,"stdout":"COMET INFO:     hsv_h               : 0.015\n"},"type":"ws_msg"}
{"payload":{"local_timestamp":1688721160250,"stderr":true,"stdout":"COMET INFO:     hsv_s               : 0.7\n"},"type":"ws_msg"}
{"payload":{"local_timestamp":1688721160250,"stderr":true,"stdout":"COMET INFO:     hsv_v               : 0.4\n"},"type":"ws_msg"}
{"payload":{"local_timestamp":1688721160251,"stderr":true,"stdout":"COMET INFO:     hyp|anchor_t        : 4.0\n"},"type":"ws_msg"}
{"payload":{"local_timestamp":1688721160251,"stderr":true,"stdout":"COMET INFO:     hyp|box             : 0.05\n"},"type":"ws_msg"}
{"payload":{"local_timestamp":1688721160252,"stderr":true,"stdout":"COMET INFO:     hyp|cls             : 0.3\n"},"type":"ws_msg"}
{"payload":{"local_timestamp":1688721160256,"stderr":true,"stdout":"COMET INFO:     hyp|cls_pw          : 1.0\n"},"type":"ws_msg"}
{"payload":{"local_timestamp":1688721160257,"stderr":true,"stdout":"COMET INFO:     hyp|copy_paste      : 0.1\n"},"type":"ws_msg"}
{"payload":{"local_timestamp":1688721160258,"stderr":true,"stdout":"COMET INFO:     hyp|degrees         : 0.0\n"},"type":"ws_msg"}
{"payload":{"local_timestamp":1688721160258,"stderr":true,"stdout":"COMET INFO:     hyp|fl_gamma        : 0.0\n"},"type":"ws_msg"}
{"payload":{"local_timestamp":1688721160259,"stderr":true,"stdout":"COMET INFO:     hyp|fliplr          : 0.5\n"},"type":"ws_msg"}
{"payload":{"local_timestamp":1688721160259,"stderr":true,"stdout":"COMET INFO:     hyp|flipud          : 0.0\n"},"type":"ws_msg"}
{"payload":{"local_timestamp":1688721160260,"stderr":true,"stdout":"COMET INFO:     hyp|hsv_h           : 0.015\n"},"type":"ws_msg"}
{"payload":{"local_timestamp":1688721160260,"stderr":true,"stdout":"COMET INFO:     hyp|hsv_s           : 0.7\n"},"type":"ws_msg"}
{"payload":{"local_timestamp":1688721160260,"stderr":true,"stdout":"COMET INFO:     hyp|hsv_v           : 0.4\n"},"type":"ws_msg"}
{"payload":{"local_timestamp":1688721160261,"stderr":true,"stdout":"COMET INFO:     hyp|iou_t           : 0.2\n"},"type":"ws_msg"}
{"payload":{"local_timestamp":1688721160261,"stderr":true,"stdout":"COMET INFO:     hyp|lr0             : 0.01\n"},"type":"ws_msg"}
{"payload":{"local_timestamp":1688721160262,"stderr":true,"stdout":"COMET INFO:     hyp|lrf             : 0.1\n"},"type":"ws_msg"}
{"payload":{"local_timestamp":1688721160262,"stderr":true,"stdout":"COMET INFO:     hyp|mixup           : 0.1\n"},"type":"ws_msg"}
{"payload":{"local_timestamp":1688721160263,"stderr":true,"stdout":"COMET INFO:     hyp|momentum        : 0.937\n"},"type":"ws_msg"}
{"payload":{"local_timestamp":1688721160263,"stderr":true,"stdout":"COMET INFO:     hyp|mosaic          : 1.0\n"},"type":"ws_msg"}
{"payload":{"local_timestamp":1688721160264,"stderr":true,"stdout":"COMET INFO:     hyp|obj             : 0.7\n"},"type":"ws_msg"}
{"payload":{"local_timestamp":1688721160264,"stderr":true,"stdout":"COMET INFO:     hyp|obj_pw          : 1.0\n"},"type":"ws_msg"}
{"payload":{"local_timestamp":1688721160265,"stderr":true,"stdout":"COMET INFO:     hyp|perspective     : 0.0\n"},"type":"ws_msg"}
{"payload":{"local_timestamp":1688721160265,"stderr":true,"stdout":"COMET INFO:     hyp|scale           : 0.9\n"},"type":"ws_msg"}
{"payload":{"local_timestamp":1688721160265,"stderr":true,"stdout":"COMET INFO:     hyp|shear           : 0.0\n"},"type":"ws_msg"}
{"payload":{"local_timestamp":1688721160266,"stderr":true,"stdout":"COMET INFO:     hyp|translate       : 0.1\n"},"type":"ws_msg"}
{"payload":{"local_timestamp":1688721160266,"stderr":true,"stdout":"COMET INFO:     hyp|warmup_bias_lr  : 0.1\n"},"type":"ws_msg"}
{"payload":{"local_timestamp":1688721160267,"stderr":true,"stdout":"COMET INFO:     hyp|warmup_epochs   : 3.0\n"},"type":"ws_msg"}
{"payload":{"local_timestamp":1688721160267,"stderr":true,"stdout":"COMET INFO:     hyp|warmup_momentum : 0.8\n"},"type":"ws_msg"}
{"payload":{"local_timestamp":1688721160268,"stderr":true,"stdout":"COMET INFO:     hyp|weight_decay    : 0.0005\n"},"type":"ws_msg"}
{"payload":{"local_timestamp":1688721160274,"stderr":true,"stdout":"COMET INFO:     image_weights       : False\n"},"type":"ws_msg"}
{"payload":{"local_timestamp":1688721160274,"stderr":true,"stdout":"COMET INFO:     imgsz               : 640\n"},"type":"ws_msg"}
{"payload":{"local_timestamp":1688721160275,"stderr":true,"stdout":"COMET INFO:     iou_t               : 0.2\n"},"type":"ws_msg"}
{"payload":{"local_timestamp":1688721160275,"stderr":true,"stdout":"COMET INFO:     label_smoothing     : 0.0\n"},"type":"ws_msg"}
{"payload":{"local_timestamp":1688721160276,"stderr":true,"stdout":"COMET INFO:     local_rank          : -1\n"},"type":"ws_msg"}
{"payload":{"local_timestamp":1688721160277,"stderr":true,"stdout":"COMET INFO:     lr0                 : 0.01\n"},"type":"ws_msg"}
{"payload":{"local_timestamp":1688721160278,"stderr":true,"stdout":"COMET INFO:     lrf                 : 0.1\n"},"type":"ws_msg"}
{"payload":{"local_timestamp":1688721160278,"stderr":true,"stdout":"COMET INFO:     mixup               : 0.1\n"},"type":"ws_msg"}
{"payload":{"local_timestamp":1688721160279,"stderr":true,"stdout":"COMET INFO:     momentum            : 0.937\n"},"type":"ws_msg"}
{"payload":{"local_timestamp":1688721160279,"stderr":true,"stdout":"COMET INFO:     mosaic              : 1.0\n"},"type":"ws_msg"}
{"payload":{"local_timestamp":1688721160280,"stderr":true,"stdout":"COMET INFO:     multi_scale         : False\n"},"type":"ws_msg"}
{"payload":{"local_timestamp":1688721160280,"stderr":true,"stdout":"COMET INFO:     noautoanchor        : False\n"},"type":"ws_msg"}
{"payload":{"local_timestamp":1688721160280,"stderr":true,"stdout":"COMET INFO:     noplots             : False\n"},"type":"ws_msg"}
{"payload":{"local_timestamp":1688721160281,"stderr":true,"stdout":"COMET INFO:     nosave              : False\n"},"type":"ws_msg"}
{"payload":{"local_timestamp":1688721160281,"stderr":true,"stdout":"COMET INFO:     noval               : False\n"},"type":"ws_msg"}
{"payload":{"local_timestamp":1688721160282,"stderr":true,"stdout":"COMET INFO:     obj                 : 0.7\n"},"type":"ws_msg"}
{"payload":{"local_timestamp":1688721160282,"stderr":true,"stdout":"COMET INFO:     obj_pw              : 1.0\n"},"type":"ws_msg"}
{"payload":{"local_timestamp":1688721160283,"stderr":true,"stdout":"COMET INFO:     optimizer           : SGD\n"},"type":"ws_msg"}
{"payload":{"local_timestamp":1688721160288,"stderr":true,"stdout":"COMET INFO:     patience            : 100\n"},"type":"ws_msg"}
{"payload":{"local_timestamp":1688721160288,"stderr":true,"stdout":"COMET INFO:     perspective         : 0.0\n"},"type":"ws_msg"}
{"payload":{"local_timestamp":1688721160289,"stderr":true,"stdout":"COMET INFO:     project             : yolov5\\runs\\train\n"},"type":"ws_msg"}
{"payload":{"local_timestamp":1688721160289,"stderr":true,"stdout":"COMET INFO:     quad                : False\n"},"type":"ws_msg"}
{"payload":{"local_timestamp":1688721160290,"stderr":true,"stdout":"COMET INFO:     rect                : False\n"},"type":"ws_msg"}
{"payload":{"local_timestamp":1688721160290,"stderr":true,"stdout":"COMET INFO:     resume              : False\n"},"type":"ws_msg"}
{"payload":{"local_timestamp":1688721160291,"stderr":true,"stdout":"COMET INFO:     save_dir            : yolov5\\runs\\train\\yolo_pantry_pal\n"},"type":"ws_msg"}
{"payload":{"local_timestamp":1688721160291,"stderr":true,"stdout":"COMET INFO:     save_period         : -1\n"},"type":"ws_msg"}
{"payload":{"local_timestamp":1688721160292,"stderr":true,"stdout":"COMET INFO:     scale               : 0.9\n"},"type":"ws_msg"}
{"payload":{"local_timestamp":1688721160292,"stderr":true,"stdout":"COMET INFO:     seed                : 0\n"},"type":"ws_msg"}
{"payload":{"local_timestamp":1688721160293,"stderr":true,"stdout":"COMET INFO:     shear               : 0.0\n"},"type":"ws_msg"}
{"payload":{"local_timestamp":1688721160293,"stderr":true,"stdout":"COMET INFO:     single_cls          : False\n"},"type":"ws_msg"}
{"payload":{"local_timestamp":1688721160294,"stderr":true,"stdout":"COMET INFO:     sync_bn             : False\n"},"type":"ws_msg"}
{"payload":{"local_timestamp":1688721160294,"stderr":true,"stdout":"COMET INFO:     translate           : 0.1\n"},"type":"ws_msg"}
{"payload":{"local_timestamp":1688721160294,"stderr":true,"stdout":"COMET INFO:     upload_dataset      : False\n"},"type":"ws_msg"}
{"payload":{"local_timestamp":1688721160295,"stderr":true,"stdout":"COMET INFO:     val_conf_threshold  : 0.001\n"},"type":"ws_msg"}
{"payload":{"local_timestamp":1688721160295,"stderr":true,"stdout":"COMET INFO:     val_iou_threshold   : 0.6\n"},"type":"ws_msg"}
{"payload":{"local_timestamp":1688721160296,"stderr":true,"stdout":"COMET INFO:     warmup_bias_lr      : 0.1\n"},"type":"ws_msg"}
{"payload":{"local_timestamp":1688721160296,"stderr":true,"stdout":"COMET INFO:     warmup_epochs       : 3.0\n"},"type":"ws_msg"}
{"payload":{"local_timestamp":1688721160297,"stderr":true,"stdout":"COMET INFO:     warmup_momentum     : 0.8\n"},"type":"ws_msg"}
{"payload":{"local_timestamp":1688721160297,"stderr":true,"stdout":"COMET INFO:     weight_decay        : 0.0005\n"},"type":"ws_msg"}
{"payload":{"local_timestamp":1688721160298,"stderr":true,"stdout":"COMET INFO:   Uploads:\n"},"type":"ws_msg"}
{"payload":{"local_timestamp":1688721160298,"stderr":true,"stdout":"COMET INFO:     asset               : 5 (366.31 KB)\n"},"type":"ws_msg"}
{"payload":{"local_timestamp":1688721160299,"stderr":true,"stdout":"COMET INFO:     environment details : 1\n"},"type":"ws_msg"}
{"payload":{"local_timestamp":1688721160305,"stderr":true,"stdout":"COMET INFO:     git metadata        : 1\n"},"type":"ws_msg"}
{"payload":{"local_timestamp":1688721160306,"stderr":true,"stdout":"COMET INFO:     installed packages  : 1\n"},"type":"ws_msg"}
{"payload":{"local_timestamp":1688721160306,"stderr":true,"stdout":"COMET INFO: \n"},"type":"ws_msg"}
