{"offline_id": "3ce5645c326b4c9097ce0dc39b4d0c18", "project_name": "yolov5", "start_time": 1688721854564, "stop_time": 1688722040646, "tags": [], "workspace": null, "resume_strategy": "create", "customer_error_reported": true, "customer_error_message": "Unexpected error detected in the user script: error('Caught error in DataLoader worker process 0.\\nOriginal Traceback (most recent call last):\\n  File \"C:\\\\Code\\\\Python\\\\PythonVirtualEnvironments\\\\PantryPal\\\\Lib\\\\site-packages\\\\torch\\\\utils\\\\data\\\\_utils\\\\worker.py\", line 308, in _worker_loop\\n    data = fetcher.fetch(index)\\n           ^^^^^^^^^^^^^^^^^^^^\\n  File \"C:\\\\Code\\\\Python\\\\PythonVirtualEnvironments\\\\PantryPal\\\\Lib\\\\site-packages\\\\torch\\\\utils\\\\data\\\\_utils\\\\fetch.py\", line 51, in fetch\\n    data = [self.dataset[idx] for idx in possibly_batched_index]\\n           ^^^^^^^^^^^^^^^^^^^^^^^^^^^^^^^^^^^^^^^^^^^^^^^^^^^^^\\n  File \"C:\\\\Code\\\\Python\\\\PythonVirtualEnvironments\\\\PantryPal\\\\Lib\\\\site-packages\\\\torch\\\\utils\\\\data\\\\_utils\\\\fetch.py\", line 51, in <listcomp>\\n    data = [self.dataset[idx] for idx in possibly_batched_index]\\n            ~~~~~~~~~~~~^^^^^\\n  File \"C:\\\\Code\\\\CodeProjects\\\\pantry_pal\\\\yolov5\\\\utils\\\\dataloaders.py\", line 670, in __getitem__\\n    img, (h0, w0), (h, w) = self.load_image(index)\\n                            ^^^^^^^^^^^^^^^^^^^^^^\\n  File \"C:\\\\Code\\\\CodeProjects\\\\pantry_pal\\\\yolov5\\\\utils\\\\dataloaders.py\", line 735, in load_image\\n    im = cv2.imread(f)  # BGR\\n         ^^^^^^^^^^^^^\\ncv2.error: OpenCV(4.8.0) D:\\\\a\\\\opencv-python\\\\opencv-python\\\\opencv\\\\modules\\\\core\\\\src\\\\alloc.cpp:73: error: (-4:Insufficient memory) Failed to allocate 36578304 bytes in function \\'cv::OutOfMemoryError\\'\\n\\n')"}