{"offline_id": "1e61dc424a4548938a0b1640b3f229c5", "project_name": "yolov5", "start_time": 1688721196065, "stop_time": 1688721474420, "tags": [], "workspace": null, "resume_strategy": "create", "customer_error_reported": true, "customer_error_message": "Unexpected error detected in the user script: OutOfMemoryError('CUDA out of memory. Tried to allocate 122.00 MiB (GPU 0; 8.00 GiB total capacity; 3.47 GiB already allocated; 2.50 GiB free; 3.59 GiB reserved in total by PyTorch) If reserved memory is >> allocated memory try setting max_split_size_mb to avoid fragmentation.  See documentation for Memory Management and PYTORCH_CUDA_ALLOC_CONF')"}